xml.source;xml.value;json.path;json.value
logement/ventilation_collection/ventilation/donnee_entree/plusieurs_facade_exposee;0;/enveloppe/exposition;exposition_simple
logement/ventilation_collection/ventilation/donnee_entree/plusieurs_facade_exposee;1;/enveloppe/exposition;exposition_multiple
logement/ventilation_collection/ventilation/donnee_entree/enum_type_ventilation_id;1;/ventilation/installation/type;ventilation_naturelle_ouverture_fenetres
logement/ventilation_collection/ventilation/donnee_entree/enum_type_ventilation_id;2;/ventilation/installation/type;ventilation_naturelle_entrees_air_hautes_basses
logement/ventilation_collection/ventilation/donnee_entree/enum_type_ventilation_id;3;/ventilation/installation/type;ventilation_mecanique
logement/ventilation_collection/ventilation/donnee_entree/enum_type_ventilation_id;4;/ventilation/installation/type;ventilation_mecanique
logement/ventilation_collection/ventilation/donnee_entree/enum_type_ventilation_id;5;/ventilation/installation/type;ventilation_mecanique
logement/ventilation_collection/ventilation/donnee_entree/enum_type_ventilation_id;6;/ventilation/installation/type;ventilation_mecanique
logement/ventilation_collection/ventilation/donnee_entree/enum_type_ventilation_id;7;/ventilation/installation/type;ventilation_mecanique
logement/ventilation_collection/ventilation/donnee_entree/enum_type_ventilation_id;8;/ventilation/installation/type;ventilation_mecanique
logement/ventilation_collection/ventilation/donnee_entree/enum_type_ventilation_id;9;/ventilation/installation/type;ventilation_mecanique
logement/ventilation_collection/ventilation/donnee_entree/enum_type_ventilation_id;10;/ventilation/installation/type;ventilation_mecanique
logement/ventilation_collection/ventilation/donnee_entree/enum_type_ventilation_id;11;/ventilation/installation/type;ventilation_mecanique
logement/ventilation_collection/ventilation/donnee_entree/enum_type_ventilation_id;12;/ventilation/installation/type;ventilation_mecanique
logement/ventilation_collection/ventilation/donnee_entree/enum_type_ventilation_id;13;/ventilation/installation/type;ventilation_mecanique
logement/ventilation_collection/ventilation/donnee_entree/enum_type_ventilation_id;14;/ventilation/installation/type;ventilation_mecanique
logement/ventilation_collection/ventilation/donnee_entree/enum_type_ventilation_id;15;/ventilation/installation/type;ventilation_mecanique
logement/ventilation_collection/ventilation/donnee_entree/enum_type_ventilation_id;16;/ventilation/installation/type;ventilation_mecanique
logement/ventilation_collection/ventilation/donnee_entree/enum_type_ventilation_id;17;/ventilation/installation/type;ventilation_mecanique
logement/ventilation_collection/ventilation/donnee_entree/enum_type_ventilation_id;18;/ventilation/installation/type;ventilation_mecanique
logement/ventilation_collection/ventilation/donnee_entree/enum_type_ventilation_id;19;/ventilation/installation/type;ventilation_mecanique
logement/ventilation_collection/ventilation/donnee_entree/enum_type_ventilation_id;20;/ventilation/installation/type;ventilation_mecanique
logement/ventilation_collection/ventilation/donnee_entree/enum_type_ventilation_id;21;/ventilation/installation/type;ventilation_mecanique
logement/ventilation_collection/ventilation/donnee_entree/enum_type_ventilation_id;22;/ventilation/installation/type;ventilation_mecanique
logement/ventilation_collection/ventilation/donnee_entree/enum_type_ventilation_id;23;/ventilation/installation/type;ventilation_mecanique
logement/ventilation_collection/ventilation/donnee_entree/enum_type_ventilation_id;24;/ventilation/installation/type;ventilation_mecanique
logement/ventilation_collection/ventilation/donnee_entree/enum_type_ventilation_id;25;/ventilation/installation/type;ventilation_naturelle_conduit
logement/ventilation_collection/ventilation/donnee_entree/enum_type_ventilation_id;26;/ventilation/installation/type;ventilation_mecanique
logement/ventilation_collection/ventilation/donnee_entree/enum_type_ventilation_id;27;/ventilation/installation/type;ventilation_mecanique
logement/ventilation_collection/ventilation/donnee_entree/enum_type_ventilation_id;28;/ventilation/installation/type;ventilation_mecanique
logement/ventilation_collection/ventilation/donnee_entree/enum_type_ventilation_id;29;/ventilation/installation/type;ventilation_mecanique
logement/ventilation_collection/ventilation/donnee_entree/enum_type_ventilation_id;30;/ventilation/installation/type;ventilation_mecanique
logement/ventilation_collection/ventilation/donnee_entree/enum_type_ventilation_id;31;/ventilation/installation/type;ventilation_mecanique
logement/ventilation_collection/ventilation/donnee_entree/enum_type_ventilation_id;32;/ventilation/installation/type;ventilation_mecanique
logement/ventilation_collection/ventilation/donnee_entree/enum_type_ventilation_id;33;/ventilation/installation/type;ventilation_mecanique
logement/ventilation_collection/ventilation/donnee_entree/enum_type_ventilation_id;34;/ventilation/installation/type;ventilation_naturelle_conduit_entrees_air_hygroreglables
logement/ventilation_collection/ventilation/donnee_entree/enum_type_ventilation_id;35;/ventilation/installation/type;ventilation_mecanique
logement/ventilation_collection/ventilation/donnee_entree/enum_type_ventilation_id;36;/ventilation/installation/type;ventilation_mecanique
logement/ventilation_collection/ventilation/donnee_entree/enum_type_ventilation_id;37;/ventilation/installation/type;ventilation_mecanique
logement/ventilation_collection/ventilation/donnee_entree/enum_type_ventilation_id;38;/ventilation/installation/type;ventilation_mecanique
logement/ventilation_collection/ventilation/donnee_entree/enum_type_ventilation_id;1;/ventilation/generateur/type;
logement/ventilation_collection/ventilation/donnee_entree/enum_type_ventilation_id;2;/ventilation/generateur/type;
logement/ventilation_collection/ventilation/donnee_entree/enum_type_ventilation_id;3;/ventilation/generateur/type;vmc_simple_flux
logement/ventilation_collection/ventilation/donnee_entree/enum_type_ventilation_id;4;/ventilation/generateur/type;vmc_simple_flux
logement/ventilation_collection/ventilation/donnee_entree/enum_type_ventilation_id;5;/ventilation/generateur/type;vmc_simple_flux
logement/ventilation_collection/ventilation/donnee_entree/enum_type_ventilation_id;6;/ventilation/generateur/type;vmc_simple_flux
logement/ventilation_collection/ventilation/donnee_entree/enum_type_ventilation_id;7;/ventilation/generateur/type;vmc_simple_flux
logement/ventilation_collection/ventilation/donnee_entree/enum_type_ventilation_id;8;/ventilation/generateur/type;vmc_simple_flux
logement/ventilation_collection/ventilation/donnee_entree/enum_type_ventilation_id;9;/ventilation/generateur/type;vmc_simple_flux
logement/ventilation_collection/ventilation/donnee_entree/enum_type_ventilation_id;10;/ventilation/generateur/type;vmc_simple_flux_gaz
logement/ventilation_collection/ventilation/donnee_entree/enum_type_ventilation_id;11;/ventilation/generateur/type;vmc_simple_flux_gaz
logement/ventilation_collection/ventilation/donnee_entree/enum_type_ventilation_id;12;/ventilation/generateur/type;vmc_simple_flux_gaz
logement/ventilation_collection/ventilation/donnee_entree/enum_type_ventilation_id;13;/ventilation/generateur/type;vmc_simple_flux
logement/ventilation_collection/ventilation/donnee_entree/enum_type_ventilation_id;14;/ventilation/generateur/type;vmc_simple_flux
logement/ventilation_collection/ventilation/donnee_entree/enum_type_ventilation_id;15;/ventilation/generateur/type;vmc_simple_flux
logement/ventilation_collection/ventilation/donnee_entree/enum_type_ventilation_id;16;/ventilation/generateur/type;vmc_basse_pression
logement/ventilation_collection/ventilation/donnee_entree/enum_type_ventilation_id;17;/ventilation/generateur/type;vmc_basse_pression
logement/ventilation_collection/ventilation/donnee_entree/enum_type_ventilation_id;18;/ventilation/generateur/type;vmc_basse_pression
logement/ventilation_collection/ventilation/donnee_entree/enum_type_ventilation_id;19;/ventilation/generateur/type;vmc_double_flux
logement/ventilation_collection/ventilation/donnee_entree/enum_type_ventilation_id;20;/ventilation/generateur/type;vmc_double_flux
logement/ventilation_collection/ventilation/donnee_entree/enum_type_ventilation_id;21;/ventilation/generateur/type;vmc_double_flux
logement/ventilation_collection/ventilation/donnee_entree/enum_type_ventilation_id;22;/ventilation/generateur/type;vmc_double_flux
logement/ventilation_collection/ventilation/donnee_entree/enum_type_ventilation_id;23;/ventilation/generateur/type;vmc_double_flux
logement/ventilation_collection/ventilation/donnee_entree/enum_type_ventilation_id;24;/ventilation/generateur/type;vmc_double_flux
logement/ventilation_collection/ventilation/donnee_entree/enum_type_ventilation_id;25;/ventilation/generateur/type;
logement/ventilation_collection/ventilation/donnee_entree/enum_type_ventilation_id;26;/ventilation/generateur/type;ventilation_hybride
logement/ventilation_collection/ventilation/donnee_entree/enum_type_ventilation_id;27;/ventilation/generateur/type;ventilation_hybride
logement/ventilation_collection/ventilation/donnee_entree/enum_type_ventilation_id;28;/ventilation/generateur/type;ventilation_hybride
logement/ventilation_collection/ventilation/donnee_entree/enum_type_ventilation_id;29;/ventilation/generateur/type;ventilation_hybride
logement/ventilation_collection/ventilation/donnee_entree/enum_type_ventilation_id;30;/ventilation/generateur/type;ventilation_hybride
logement/ventilation_collection/ventilation/donnee_entree/enum_type_ventilation_id;31;/ventilation/generateur/type;ventilation_hybride
logement/ventilation_collection/ventilation/donnee_entree/enum_type_ventilation_id;32;/ventilation/generateur/type;ventilation_mecanique
logement/ventilation_collection/ventilation/donnee_entree/enum_type_ventilation_id;33;/ventilation/generateur/type;ventilation_mecanique
logement/ventilation_collection/ventilation/donnee_entree/enum_type_ventilation_id;34;/ventilation/generateur/type;
logement/ventilation_collection/ventilation/donnee_entree/enum_type_ventilation_id;35;/ventilation/generateur/type;puit_climatique
logement/ventilation_collection/ventilation/donnee_entree/enum_type_ventilation_id;36;/ventilation/generateur/type;puit_climatique
logement/ventilation_collection/ventilation/donnee_entree/enum_type_ventilation_id;37;/ventilation/generateur/type;puit_climatique
logement/ventilation_collection/ventilation/donnee_entree/enum_type_ventilation_id;38;/ventilation/generateur/type;puit_climatique
logement/ventilation_collection/ventilation/donnee_entree/enum_type_ventilation_id;1;/ventilation/generateur/type_vmc;
logement/ventilation_collection/ventilation/donnee_entree/enum_type_ventilation_id;2;/ventilation/generateur/type_vmc;
logement/ventilation_collection/ventilation/donnee_entree/enum_type_ventilation_id;3;/ventilation/generateur/type_vmc;autoreglable
logement/ventilation_collection/ventilation/donnee_entree/enum_type_ventilation_id;4;/ventilation/generateur/type_vmc;autoreglable
logement/ventilation_collection/ventilation/donnee_entree/enum_type_ventilation_id;5;/ventilation/generateur/type_vmc;autoreglable
logement/ventilation_collection/ventilation/donnee_entree/enum_type_ventilation_id;6;/ventilation/generateur/type_vmc;autoreglable
logement/ventilation_collection/ventilation/donnee_entree/enum_type_ventilation_id;7;/ventilation/generateur/type_vmc;hygroreglable_type_a
logement/ventilation_collection/ventilation/donnee_entree/enum_type_ventilation_id;8;/ventilation/generateur/type_vmc;hygroreglable_type_a
logement/ventilation_collection/ventilation/donnee_entree/enum_type_ventilation_id;9;/ventilation/generateur/type_vmc;hygroreglable_type_a
logement/ventilation_collection/ventilation/donnee_entree/enum_type_ventilation_id;10;/ventilation/generateur/type_vmc;
logement/ventilation_collection/ventilation/donnee_entree/enum_type_ventilation_id;11;/ventilation/generateur/type_vmc;
logement/ventilation_collection/ventilation/donnee_entree/enum_type_ventilation_id;12;/ventilation/generateur/type_vmc;
logement/ventilation_collection/ventilation/donnee_entree/enum_type_ventilation_id;13;/ventilation/generateur/type_vmc;hygroreglable_type_b
logement/ventilation_collection/ventilation/donnee_entree/enum_type_ventilation_id;14;/ventilation/generateur/type_vmc;hygroreglable_type_b
logement/ventilation_collection/ventilation/donnee_entree/enum_type_ventilation_id;15;/ventilation/generateur/type_vmc;hygroreglable_type_b
logement/ventilation_collection/ventilation/donnee_entree/enum_type_ventilation_id;16;/ventilation/generateur/type_vmc;autoreglable
logement/ventilation_collection/ventilation/donnee_entree/enum_type_ventilation_id;17;/ventilation/generateur/type_vmc;hygroreglable_type_a
logement/ventilation_collection/ventilation/donnee_entree/enum_type_ventilation_id;18;/ventilation/generateur/type_vmc;hygroreglable_type_b
logement/ventilation_collection/ventilation/donnee_entree/enum_type_ventilation_id;19;/ventilation/generateur/type_vmc;
logement/ventilation_collection/ventilation/donnee_entree/enum_type_ventilation_id;20;/ventilation/generateur/type_vmc;
logement/ventilation_collection/ventilation/donnee_entree/enum_type_ventilation_id;21;/ventilation/generateur/type_vmc;
logement/ventilation_collection/ventilation/donnee_entree/enum_type_ventilation_id;22;/ventilation/generateur/type_vmc;
logement/ventilation_collection/ventilation/donnee_entree/enum_type_ventilation_id;23;/ventilation/generateur/type_vmc;
logement/ventilation_collection/ventilation/donnee_entree/enum_type_ventilation_id;24;/ventilation/generateur/type_vmc;
logement/ventilation_collection/ventilation/donnee_entree/enum_type_ventilation_id;25;/ventilation/generateur/type_vmc;
logement/ventilation_collection/ventilation/donnee_entree/enum_type_ventilation_id;26;/ventilation/generateur/type_vmc;autoreglable
logement/ventilation_collection/ventilation/donnee_entree/enum_type_ventilation_id;27;/ventilation/generateur/type_vmc;autoreglable
logement/ventilation_collection/ventilation/donnee_entree/enum_type_ventilation_id;28;/ventilation/generateur/type_vmc;autoreglable
logement/ventilation_collection/ventilation/donnee_entree/enum_type_ventilation_id;29;/ventilation/generateur/type_vmc;hygroreglable_type_b
logement/ventilation_collection/ventilation/donnee_entree/enum_type_ventilation_id;30;/ventilation/generateur/type_vmc;hygroreglable_type_b
logement/ventilation_collection/ventilation/donnee_entree/enum_type_ventilation_id;31;/ventilation/generateur/type_vmc;hygroreglable_type_b
logement/ventilation_collection/ventilation/donnee_entree/enum_type_ventilation_id;32;/ventilation/generateur/type_vmc;
logement/ventilation_collection/ventilation/donnee_entree/enum_type_ventilation_id;33;/ventilation/generateur/type_vmc;
logement/ventilation_collection/ventilation/donnee_entree/enum_type_ventilation_id;34;/ventilation/generateur/type_vmc;
logement/ventilation_collection/ventilation/donnee_entree/enum_type_ventilation_id;35;/ventilation/generateur/type_vmc;
logement/ventilation_collection/ventilation/donnee_entree/enum_type_ventilation_id;36;/ventilation/generateur/type_vmc;
logement/ventilation_collection/ventilation/donnee_entree/enum_type_ventilation_id;37;/ventilation/generateur/type_vmc;
logement/ventilation_collection/ventilation/donnee_entree/enum_type_ventilation_id;38;/ventilation/generateur/type_vmc;
logement/ventilation_collection/ventilation/donnee_intermediaire/pvent_moy;35;/ventilation/generateur/type_vmc;autoreglable
logement/ventilation_collection/ventilation/donnee_intermediaire/pvent_moy;65;/ventilation/generateur/type_vmc;autoreglable
logement/ventilation_collection/ventilation/donnee_intermediaire/pvent_moy;15;/ventilation/generateur/type_vmc;hygroreglable_type_a
logement/ventilation_collection/ventilation/donnee_intermediaire/pvent_moy;50;/ventilation/generateur/type_vmc;hygroreglable_type_a
logement/ventilation_collection/ventilation/donnee_intermediaire/pvent_moy;80;/ventilation/generateur/type_vmc;hygroreglable_type_b
logement/ventilation_collection/ventilation/donnee_entree/enum_type_ventilation_id;1;/ventilation/generateur/annee_installation;
logement/ventilation_collection/ventilation/donnee_entree/enum_type_ventilation_id;2;/ventilation/generateur/annee_installation;
logement/ventilation_collection/ventilation/donnee_entree/enum_type_ventilation_id;3;/ventilation/generateur/annee_installation;1981
logement/ventilation_collection/ventilation/donnee_entree/enum_type_ventilation_id;4;/ventilation/generateur/annee_installation;2000
logement/ventilation_collection/ventilation/donnee_entree/enum_type_ventilation_id;5;/ventilation/generateur/annee_installation;2012
logement/ventilation_collection/ventilation/donnee_entree/enum_type_ventilation_id;6;/ventilation/generateur/annee_installation;annee_etablissement
logement/ventilation_collection/ventilation/donnee_entree/enum_type_ventilation_id;7;/ventilation/generateur/annee_installation;2000
logement/ventilation_collection/ventilation/donnee_entree/enum_type_ventilation_id;8;/ventilation/generateur/annee_installation;2012
logement/ventilation_collection/ventilation/donnee_entree/enum_type_ventilation_id;9;/ventilation/generateur/annee_installation;annee_etablissement
logement/ventilation_collection/ventilation/donnee_entree/enum_type_ventilation_id;10;/ventilation/generateur/annee_installation;2000
logement/ventilation_collection/ventilation/donnee_entree/enum_type_ventilation_id;11;/ventilation/generateur/annee_installation;2012
logement/ventilation_collection/ventilation/donnee_entree/enum_type_ventilation_id;12;/ventilation/generateur/annee_installation;annee_etablissement
logement/ventilation_collection/ventilation/donnee_entree/enum_type_ventilation_id;13;/ventilation/generateur/annee_installation;2000
logement/ventilation_collection/ventilation/donnee_entree/enum_type_ventilation_id;14;/ventilation/generateur/annee_installation;2012
logement/ventilation_collection/ventilation/donnee_entree/enum_type_ventilation_id;15;/ventilation/generateur/annee_installation;annee_etablissement
logement/ventilation_collection/ventilation/donnee_entree/enum_type_ventilation_id;16;/ventilation/generateur/annee_installation;
logement/ventilation_collection/ventilation/donnee_entree/enum_type_ventilation_id;17;/ventilation/generateur/annee_installation;
logement/ventilation_collection/ventilation/donnee_entree/enum_type_ventilation_id;18;/ventilation/generateur/annee_installation;
logement/ventilation_collection/ventilation/donnee_entree/enum_type_ventilation_id;19;/ventilation/generateur/annee_installation;2012
logement/ventilation_collection/ventilation/donnee_entree/enum_type_ventilation_id;20;/ventilation/generateur/annee_installation;annee_etablissement
logement/ventilation_collection/ventilation/donnee_entree/enum_type_ventilation_id;21;/ventilation/generateur/annee_installation;2012
logement/ventilation_collection/ventilation/donnee_entree/enum_type_ventilation_id;22;/ventilation/generateur/annee_installation;annee_etablissement
logement/ventilation_collection/ventilation/donnee_entree/enum_type_ventilation_id;23;/ventilation/generateur/annee_installation;2012
logement/ventilation_collection/ventilation/donnee_entree/enum_type_ventilation_id;24;/ventilation/generateur/annee_installation;annee_etablissement
logement/ventilation_collection/ventilation/donnee_entree/enum_type_ventilation_id;25;/ventilation/generateur/annee_installation;
logement/ventilation_collection/ventilation/donnee_entree/enum_type_ventilation_id;26;/ventilation/generateur/annee_installation;2000
logement/ventilation_collection/ventilation/donnee_entree/enum_type_ventilation_id;27;/ventilation/generateur/annee_installation;2012
logement/ventilation_collection/ventilation/donnee_entree/enum_type_ventilation_id;28;/ventilation/generateur/annee_installation;annee_etablissement
logement/ventilation_collection/ventilation/donnee_entree/enum_type_ventilation_id;29;/ventilation/generateur/annee_installation;2000
logement/ventilation_collection/ventilation/donnee_entree/enum_type_ventilation_id;30;/ventilation/generateur/annee_installation;2012
logement/ventilation_collection/ventilation/donnee_entree/enum_type_ventilation_id;31;/ventilation/generateur/annee_installation;annee_etablissement
logement/ventilation_collection/ventilation/donnee_entree/enum_type_ventilation_id;32;/ventilation/generateur/annee_installation;2012
logement/ventilation_collection/ventilation/donnee_entree/enum_type_ventilation_id;33;/ventilation/generateur/annee_installation;annee_etablissement
logement/ventilation_collection/ventilation/donnee_entree/enum_type_ventilation_id;34;/ventilation/generateur/annee_installation;
logement/ventilation_collection/ventilation/donnee_entree/enum_type_ventilation_id;35;/ventilation/generateur/annee_installation;2012
logement/ventilation_collection/ventilation/donnee_entree/enum_type_ventilation_id;36;/ventilation/generateur/annee_installation;annee_etablissement
logement/ventilation_collection/ventilation/donnee_entree/enum_type_ventilation_id;37;/ventilation/generateur/annee_installation;2012
logement/ventilation_collection/ventilation/donnee_entree/enum_type_ventilation_id;38;/ventilation/generateur/annee_installation;annee_etablissement
logement/ventilation_collection/ventilation/donnee_entree/enum_type_ventilation_id;1;/ventilation/generateur/presence_echangeur_thermique;
logement/ventilation_collection/ventilation/donnee_entree/enum_type_ventilation_id;2;/ventilation/generateur/presence_echangeur_thermique;
logement/ventilation_collection/ventilation/donnee_entree/enum_type_ventilation_id;3;/ventilation/generateur/presence_echangeur_thermique;
logement/ventilation_collection/ventilation/donnee_entree/enum_type_ventilation_id;4;/ventilation/generateur/presence_echangeur_thermique;
logement/ventilation_collection/ventilation/donnee_entree/enum_type_ventilation_id;5;/ventilation/generateur/presence_echangeur_thermique;
logement/ventilation_collection/ventilation/donnee_entree/enum_type_ventilation_id;6;/ventilation/generateur/presence_echangeur_thermique;
logement/ventilation_collection/ventilation/donnee_entree/enum_type_ventilation_id;7;/ventilation/generateur/presence_echangeur_thermique;
logement/ventilation_collection/ventilation/donnee_entree/enum_type_ventilation_id;8;/ventilation/generateur/presence_echangeur_thermique;
logement/ventilation_collection/ventilation/donnee_entree/enum_type_ventilation_id;9;/ventilation/generateur/presence_echangeur_thermique;
logement/ventilation_collection/ventilation/donnee_entree/enum_type_ventilation_id;10;/ventilation/generateur/presence_echangeur_thermique;
logement/ventilation_collection/ventilation/donnee_entree/enum_type_ventilation_id;11;/ventilation/generateur/presence_echangeur_thermique;
logement/ventilation_collection/ventilation/donnee_entree/enum_type_ventilation_id;12;/ventilation/generateur/presence_echangeur_thermique;
logement/ventilation_collection/ventilation/donnee_entree/enum_type_ventilation_id;13;/ventilation/generateur/presence_echangeur_thermique;
logement/ventilation_collection/ventilation/donnee_entree/enum_type_ventilation_id;14;/ventilation/generateur/presence_echangeur_thermique;
logement/ventilation_collection/ventilation/donnee_entree/enum_type_ventilation_id;15;/ventilation/generateur/presence_echangeur_thermique;
logement/ventilation_collection/ventilation/donnee_entree/enum_type_ventilation_id;16;/ventilation/generateur/presence_echangeur_thermique;
logement/ventilation_collection/ventilation/donnee_entree/enum_type_ventilation_id;17;/ventilation/generateur/presence_echangeur_thermique;
logement/ventilation_collection/ventilation/donnee_entree/enum_type_ventilation_id;18;/ventilation/generateur/presence_echangeur_thermique;
logement/ventilation_collection/ventilation/donnee_entree/enum_type_ventilation_id;19;/ventilation/generateur/presence_echangeur_thermique;true
logement/ventilation_collection/ventilation/donnee_entree/enum_type_ventilation_id;20;/ventilation/generateur/presence_echangeur_thermique;true
logement/ventilation_collection/ventilation/donnee_entree/enum_type_ventilation_id;21;/ventilation/generateur/presence_echangeur_thermique;true
logement/ventilation_collection/ventilation/donnee_entree/enum_type_ventilation_id;22;/ventilation/generateur/presence_echangeur_thermique;true
logement/ventilation_collection/ventilation/donnee_entree/enum_type_ventilation_id;23;/ventilation/generateur/presence_echangeur_thermique;false
logement/ventilation_collection/ventilation/donnee_entree/enum_type_ventilation_id;24;/ventilation/generateur/presence_echangeur_thermique;false
logement/ventilation_collection/ventilation/donnee_entree/enum_type_ventilation_id;25;/ventilation/generateur/presence_echangeur_thermique;
logement/ventilation_collection/ventilation/donnee_entree/enum_type_ventilation_id;26;/ventilation/generateur/presence_echangeur_thermique;
logement/ventilation_collection/ventilation/donnee_entree/enum_type_ventilation_id;27;/ventilation/generateur/presence_echangeur_thermique;
logement/ventilation_collection/ventilation/donnee_entree/enum_type_ventilation_id;28;/ventilation/generateur/presence_echangeur_thermique;
logement/ventilation_collection/ventilation/donnee_entree/enum_type_ventilation_id;29;/ventilation/generateur/presence_echangeur_thermique;
logement/ventilation_collection/ventilation/donnee_entree/enum_type_ventilation_id;30;/ventilation/generateur/presence_echangeur_thermique;
logement/ventilation_collection/ventilation/donnee_entree/enum_type_ventilation_id;31;/ventilation/generateur/presence_echangeur_thermique;
logement/ventilation_collection/ventilation/donnee_entree/enum_type_ventilation_id;32;/ventilation/generateur/presence_echangeur_thermique;
logement/ventilation_collection/ventilation/donnee_entree/enum_type_ventilation_id;33;/ventilation/generateur/presence_echangeur_thermique;
logement/ventilation_collection/ventilation/donnee_entree/enum_type_ventilation_id;34;/ventilation/generateur/presence_echangeur_thermique;
logement/ventilation_collection/ventilation/donnee_entree/enum_type_ventilation_id;35;/ventilation/generateur/presence_echangeur_thermique;false
logement/ventilation_collection/ventilation/donnee_entree/enum_type_ventilation_id;36;/ventilation/generateur/presence_echangeur_thermique;false
logement/ventilation_collection/ventilation/donnee_entree/enum_type_ventilation_id;37;/ventilation/generateur/presence_echangeur_thermique;true
logement/ventilation_collection/ventilation/donnee_entree/enum_type_ventilation_id;38;/ventilation/generateur/presence_echangeur_thermique;true
logement/ventilation_collection/ventilation/donnee_entree/enum_type_ventilation_id;1;/ventilation/generateur/generateur_collectif;
logement/ventilation_collection/ventilation/donnee_entree/enum_type_ventilation_id;2;/ventilation/generateur/generateur_collectif;
logement/ventilation_collection/ventilation/donnee_entree/enum_type_ventilation_id;3;/ventilation/generateur/generateur_collectif;
logement/ventilation_collection/ventilation/donnee_entree/enum_type_ventilation_id;4;/ventilation/generateur/generateur_collectif;
logement/ventilation_collection/ventilation/donnee_entree/enum_type_ventilation_id;5;/ventilation/generateur/generateur_collectif;
logement/ventilation_collection/ventilation/donnee_entree/enum_type_ventilation_id;6;/ventilation/generateur/generateur_collectif;
logement/ventilation_collection/ventilation/donnee_entree/enum_type_ventilation_id;7;/ventilation/generateur/generateur_collectif;
logement/ventilation_collection/ventilation/donnee_entree/enum_type_ventilation_id;8;/ventilation/generateur/generateur_collectif;
logement/ventilation_collection/ventilation/donnee_entree/enum_type_ventilation_id;9;/ventilation/generateur/generateur_collectif;
logement/ventilation_collection/ventilation/donnee_entree/enum_type_ventilation_id;10;/ventilation/generateur/generateur_collectif;
logement/ventilation_collection/ventilation/donnee_entree/enum_type_ventilation_id;11;/ventilation/generateur/generateur_collectif;
logement/ventilation_collection/ventilation/donnee_entree/enum_type_ventilation_id;12;/ventilation/generateur/generateur_collectif;
logement/ventilation_collection/ventilation/donnee_entree/enum_type_ventilation_id;13;/ventilation/generateur/generateur_collectif;
logement/ventilation_collection/ventilation/donnee_entree/enum_type_ventilation_id;14;/ventilation/generateur/generateur_collectif;
logement/ventilation_collection/ventilation/donnee_entree/enum_type_ventilation_id;15;/ventilation/generateur/generateur_collectif;
logement/ventilation_collection/ventilation/donnee_entree/enum_type_ventilation_id;16;/ventilation/generateur/generateur_collectif;
logement/ventilation_collection/ventilation/donnee_entree/enum_type_ventilation_id;17;/ventilation/generateur/generateur_collectif;
logement/ventilation_collection/ventilation/donnee_entree/enum_type_ventilation_id;18;/ventilation/generateur/generateur_collectif;
logement/ventilation_collection/ventilation/donnee_entree/enum_type_ventilation_id;19;/ventilation/generateur/generateur_collectif;
logement/ventilation_collection/ventilation/donnee_entree/enum_type_ventilation_id;20;/ventilation/generateur/generateur_collectif;
logement/ventilation_collection/ventilation/donnee_entree/enum_type_ventilation_id;21;/ventilation/generateur/generateur_collectif;true
logement/ventilation_collection/ventilation/donnee_entree/enum_type_ventilation_id;22;/ventilation/generateur/generateur_collectif;true
logement/ventilation_collection/ventilation/donnee_entree/enum_type_ventilation_id;23;/ventilation/generateur/generateur_collectif;
logement/ventilation_collection/ventilation/donnee_entree/enum_type_ventilation_id;24;/ventilation/generateur/generateur_collectif;
logement/ventilation_collection/ventilation/donnee_entree/enum_type_ventilation_id;25;/ventilation/generateur/generateur_collectif;
logement/ventilation_collection/ventilation/donnee_entree/enum_type_ventilation_id;26;/ventilation/generateur/generateur_collectif;
logement/ventilation_collection/ventilation/donnee_entree/enum_type_ventilation_id;27;/ventilation/generateur/generateur_collectif;
logement/ventilation_collection/ventilation/donnee_entree/enum_type_ventilation_id;28;/ventilation/generateur/generateur_collectif;
logement/ventilation_collection/ventilation/donnee_entree/enum_type_ventilation_id;29;/ventilation/generateur/generateur_collectif;
logement/ventilation_collection/ventilation/donnee_entree/enum_type_ventilation_id;30;/ventilation/generateur/generateur_collectif;
logement/ventilation_collection/ventilation/donnee_entree/enum_type_ventilation_id;31;/ventilation/generateur/generateur_collectif;
logement/ventilation_collection/ventilation/donnee_entree/enum_type_ventilation_id;32;/ventilation/generateur/generateur_collectif;
logement/ventilation_collection/ventilation/donnee_entree/enum_type_ventilation_id;33;/ventilation/generateur/generateur_collectif;
logement/ventilation_collection/ventilation/donnee_entree/enum_type_ventilation_id;34;/ventilation/generateur/generateur_collectif;
logement/ventilation_collection/ventilation/donnee_entree/enum_type_ventilation_id;35;/ventilation/generateur/generateur_collectif;
logement/ventilation_collection/ventilation/donnee_entree/enum_type_ventilation_id;36;/ventilation/generateur/generateur_collectif;
logement/ventilation_collection/ventilation/donnee_entree/enum_type_ventilation_id;37;/ventilation/generateur/generateur_collectif;
logement/ventilation_collection/ventilation/donnee_entree/enum_type_ventilation_id;38;/ventilation/generateur/generateur_collectif;
