xml.source;xml.value;json.source;json.value;commentaire
logement/enveloppe/baie_vitree_collection/baie_vitree/donnee_entree/enum_type_adjacence_id;1;/enveloppe/baie/position/mitoyennete;exterieur;
logement/enveloppe/baie_vitree_collection/baie_vitree/donnee_entree/enum_type_adjacence_id;2;/enveloppe/baie/position/mitoyennete;enterre;
logement/enveloppe/baie_vitree_collection/baie_vitree/donnee_entree/enum_type_adjacence_id;3;/enveloppe/baie/position/mitoyennete;vide_sanitaire;
logement/enveloppe/baie_vitree_collection/baie_vitree/donnee_entree/enum_type_adjacence_id;4;/enveloppe/baie/position/mitoyennete;local_non_residentiel;
logement/enveloppe/baie_vitree_collection/baie_vitree/donnee_entree/enum_type_adjacence_id;5;/enveloppe/baie/position/mitoyennete;enterre;
logement/enveloppe/baie_vitree_collection/baie_vitree/donnee_entree/enum_type_adjacence_id;6;/enveloppe/baie/position/mitoyennete;sous_sol_non_chauffe;
logement/enveloppe/baie_vitree_collection/baie_vitree/donnee_entree/enum_type_adjacence_id;7;/enveloppe/baie/position/mitoyennete;local_non_accessible;
logement/enveloppe/baie_vitree_collection/baie_vitree/donnee_entree/enum_type_adjacence_id;8;/enveloppe/baie/position/mitoyennete;local_non_chauffe;
logement/enveloppe/baie_vitree_collection/baie_vitree/donnee_entree/enum_type_adjacence_id;9;/enveloppe/baie/position/mitoyennete;local_non_chauffe;
logement/enveloppe/baie_vitree_collection/baie_vitree/donnee_entree/enum_type_adjacence_id;10;/enveloppe/baie/position/mitoyennete;local_non_chauffe;
logement/enveloppe/baie_vitree_collection/baie_vitree/donnee_entree/enum_type_adjacence_id;11;/enveloppe/baie/position/mitoyennete;local_non_chauffe;
logement/enveloppe/baie_vitree_collection/baie_vitree/donnee_entree/enum_type_adjacence_id;12;/enveloppe/baie/position/mitoyennete;local_non_chauffe;
logement/enveloppe/baie_vitree_collection/baie_vitree/donnee_entree/enum_type_adjacence_id;13;/enveloppe/baie/position/mitoyennete;local_non_chauffe;
logement/enveloppe/baie_vitree_collection/baie_vitree/donnee_entree/enum_type_adjacence_id;14;/enveloppe/baie/position/mitoyennete;local_non_chauffe;
logement/enveloppe/baie_vitree_collection/baie_vitree/donnee_entree/enum_type_adjacence_id;15;/enveloppe/baie/position/mitoyennete;local_non_chauffe;
logement/enveloppe/baie_vitree_collection/baie_vitree/donnee_entree/enum_type_adjacence_id;16;/enveloppe/baie/position/mitoyennete;local_non_chauffe;
logement/enveloppe/baie_vitree_collection/baie_vitree/donnee_entree/enum_type_adjacence_id;17;/enveloppe/baie/position/mitoyennete;local_non_chauffe;
logement/enveloppe/baie_vitree_collection/baie_vitree/donnee_entree/enum_type_adjacence_id;18;/enveloppe/baie/position/mitoyennete;local_non_chauffe;
logement/enveloppe/baie_vitree_collection/baie_vitree/donnee_entree/enum_type_adjacence_id;19;/enveloppe/baie/position/mitoyennete;local_non_chauffe;
logement/enveloppe/baie_vitree_collection/baie_vitree/donnee_entree/enum_type_adjacence_id;20;/enveloppe/baie/position/mitoyennete;local_non_residentiel;
logement/enveloppe/baie_vitree_collection/baie_vitree/donnee_entree/enum_type_adjacence_id;21;/enveloppe/baie/position/mitoyennete;local_non_chauffe;
logement/enveloppe/baie_vitree_collection/baie_vitree/donnee_entree/enum_type_adjacence_id;22;/enveloppe/baie/position/mitoyennete;local_residentiel;
logement/enveloppe/baie_vitree_collection/baie_vitree/donnee_entree/enum_type_baie_id;1;/enveloppe/baie/type;brique_verre_pleine;
logement/enveloppe/baie_vitree_collection/baie_vitree/donnee_entree/enum_type_baie_id;2;/enveloppe/baie/type;brique_verre_creuse;
logement/enveloppe/baie_vitree_collection/baie_vitree/donnee_entree/enum_type_baie_id;3;/enveloppe/baie/type;polycarbonate;
logement/enveloppe/baie_vitree_collection/baie_vitree/donnee_entree/enum_type_baie_id;4;/enveloppe/baie/type;fenetre_battante;
logement/enveloppe/baie_vitree_collection/baie_vitree/donnee_entree/enum_type_baie_id;5;/enveloppe/baie/type;fenetre_coulissante;
logement/enveloppe/baie_vitree_collection/baie_vitree/donnee_entree/enum_type_baie_id;6;/enveloppe/baie/type;porte_fenetre_coulissante;
logement/enveloppe/baie_vitree_collection/baie_vitree/donnee_entree/enum_type_baie_id;7;/enveloppe/baie/type;porte_fenetre_battante;
logement/enveloppe/baie_vitree_collection/baie_vitree/donnee_entree/enum_type_baie_id;7;/enveloppe/baie/position/presence_soubassement;false;
logement/enveloppe/baie_vitree_collection/baie_vitree/donnee_entree/enum_type_baie_id;8;/enveloppe/baie/type;porte_fenetre_battante;
logement/enveloppe/baie_vitree_collection/baie_vitree/donnee_entree/enum_type_baie_id;8;/enveloppe/baie/position/presence_soubassement;true;
logement/enveloppe/baie_vitree_collection/baie_vitree/donnee_entree/enum_type_fermeture_id;1;/enveloppe/baie/type_fermeture;sans_fermeture;
logement/enveloppe/baie_vitree_collection/baie_vitree/donnee_entree/enum_type_fermeture_id;2;/enveloppe/baie/type_fermeture;jalousie_accordeon;
logement/enveloppe/baie_vitree_collection/baie_vitree/donnee_entree/enum_type_fermeture_id;2;/enveloppe/baie/type_fermeture;venitiens_exterieurs_metal;
logement/enveloppe/baie_vitree_collection/baie_vitree/donnee_entree/enum_type_fermeture_id;2;/enveloppe/baie/type_fermeture;volet_battant_avec_ajours_fixes;
logement/enveloppe/baie_vitree_collection/baie_vitree/donnee_entree/enum_type_fermeture_id;2;/enveloppe/baie/type_fermeture;persiennes_avec_ajours_fixes;
logement/enveloppe/baie_vitree_collection/baie_vitree/donnee_entree/enum_type_fermeture_id;3;/enveloppe/baie/type_fermeture;fermeture_lames_orientables;
logement/enveloppe/baie_vitree_collection/baie_vitree/donnee_entree/enum_type_fermeture_id;3;/enveloppe/baie/type_fermeture;fermeture_sans_ajours;
logement/enveloppe/baie_vitree_collection/baie_vitree/donnee_entree/enum_type_fermeture_id;3;/enveloppe/baie/type_fermeture;volets_roulants_aluminium;
logement/enveloppe/baie_vitree_collection/baie_vitree/donnee_entree/enum_type_fermeture_id;4;/enveloppe/baie/type_fermeture;volets_roulants_pvc_bois_epaisseur_lte_12mm;
logement/enveloppe/baie_vitree_collection/baie_vitree/donnee_entree/enum_type_fermeture_id;5;/enveloppe/baie/type_fermeture;persienne_coulissante_epaisseur_lte_22mm;
logement/enveloppe/baie_vitree_collection/baie_vitree/donnee_entree/enum_type_fermeture_id;5;/enveloppe/baie/type_fermeture;volet_battant_pvc_bois_epaisseur_lte_22mm;
logement/enveloppe/baie_vitree_collection/baie_vitree/donnee_entree/enum_type_fermeture_id;6;/enveloppe/baie/type_fermeture;volets_roulants_pvc_bois_epaisseur_gt_12mm;
logement/enveloppe/baie_vitree_collection/baie_vitree/donnee_entree/enum_type_fermeture_id;7;/enveloppe/baie/type_fermeture;persienne_coulissante_epaisseur_gt_22mm;
logement/enveloppe/baie_vitree_collection/baie_vitree/donnee_entree/enum_type_fermeture_id;7;/enveloppe/baie/type_fermeture;volet_battant_pvc_bois_epaisseur_gt_22mm;
logement/enveloppe/baie_vitree_collection/baie_vitree/donnee_entree/enum_type_fermeture_id;8;/enveloppe/baie/type_fermeture;fermeture_isolee_sans_ajours;
logement/enveloppe/baie_vitree_collection/baie_vitree/donnee_entree/enum_type_materiaux_menuiserie_id;1;/enveloppe/baie/menuiserie/materiau;;
logement/enveloppe/baie_vitree_collection/baie_vitree/donnee_entree/enum_type_materiaux_menuiserie_id;2;/enveloppe/baie/menuiserie/materiau;;
logement/enveloppe/baie_vitree_collection/baie_vitree/donnee_entree/enum_type_materiaux_menuiserie_id;3;/enveloppe/baie/menuiserie/materiau;bois;
logement/enveloppe/baie_vitree_collection/baie_vitree/donnee_entree/enum_type_materiaux_menuiserie_id;4;/enveloppe/baie/menuiserie/materiau;bois_metal;
logement/enveloppe/baie_vitree_collection/baie_vitree/donnee_entree/enum_type_materiaux_menuiserie_id;5;/enveloppe/baie/menuiserie/materiau;pvc;
logement/enveloppe/baie_vitree_collection/baie_vitree/donnee_entree/enum_type_materiaux_menuiserie_id;6;/enveloppe/baie/menuiserie/materiau;metal;
logement/enveloppe/baie_vitree_collection/baie_vitree/donnee_entree/enum_type_materiaux_menuiserie_id;6;/enveloppe/baie/menuiserie/presence_rupteur_pont_thermique;true;
logement/enveloppe/baie_vitree_collection/baie_vitree/donnee_entree/enum_type_materiaux_menuiserie_id;7;/enveloppe/baie/menuiserie/materiau;metal;
logement/enveloppe/baie_vitree_collection/baie_vitree/donnee_entree/enum_type_materiaux_menuiserie_id;7;/enveloppe/baie/menuiserie/presence_rupteur_pont_thermique;false;
logement/enveloppe/baie_vitree_collection/baie_vitree/donnee_entree/enum_type_vitrage_id;1;/enveloppe/baie/vitrage/type;simple_vitrage;
logement/enveloppe/baie_vitree_collection/baie_vitree/donnee_entree/enum_type_vitrage_id;2;/enveloppe/baie/vitrage/type;double_vitrage;
logement/enveloppe/baie_vitree_collection/baie_vitree/donnee_entree/enum_type_vitrage_id;2;/enveloppe/baie/vitrage/type;double_vitrage_fe;
logement/enveloppe/baie_vitree_collection/baie_vitree/donnee_entree/enum_type_vitrage_id;3;/enveloppe/baie/vitrage/type;triple_vitrage;
logement/enveloppe/baie_vitree_collection/baie_vitree/donnee_entree/enum_type_vitrage_id;3;/enveloppe/baie/vitrage/type;triple_vitrage_fe;
logement/enveloppe/baie_vitree_collection/baie_vitree/donnee_entree/enum_type_vitrage_id;4;/enveloppe/baie/vitrage/type;;
logement/enveloppe/baie_vitree_collection/baie_vitree/donnee_entree/enum_type_vitrage_id;5;/enveloppe/baie/vitrage/type;;
logement/enveloppe/baie_vitree_collection/baie_vitree/donnee_entree/enum_type_vitrage_id;6;/enveloppe/baie/vitrage/type;;
logement/enveloppe/baie_vitree_collection/baie_vitree/donnee_entree/enum_type_adjacence_id;8;/enveloppe/local_non_chauffe/type;garage;
logement/enveloppe/baie_vitree_collection/baie_vitree/donnee_entree/enum_type_adjacence_id;9;/enveloppe/local_non_chauffe/type;cellier;
logement/enveloppe/baie_vitree_collection/baie_vitree/donnee_entree/enum_type_adjacence_id;11;/enveloppe/local_non_chauffe/type;comble_fortement_ventile;
logement/enveloppe/baie_vitree_collection/baie_vitree/donnee_entree/enum_type_adjacence_id;12;/enveloppe/local_non_chauffe/type;comble_faiblement_ventile;
logement/enveloppe/baie_vitree_collection/baie_vitree/donnee_entree/enum_type_adjacence_id;13;/enveloppe/local_non_chauffe/type;comble_tres_faiblement_ventile;
logement/enveloppe/baie_vitree_collection/baie_vitree/donnee_entree/enum_type_adjacence_id;14;/enveloppe/local_non_chauffe/type;circulation_sans_ouverture_exterieure;
logement/enveloppe/baie_vitree_collection/baie_vitree/donnee_entree/enum_type_adjacence_id;15;/enveloppe/local_non_chauffe/type;circulation_avec_ouverture_exterieure;
logement/enveloppe/baie_vitree_collection/baie_vitree/donnee_entree/enum_type_adjacence_id;16;/enveloppe/local_non_chauffe/type;circulation_avec_bouche_ou_gaine_desenfumage_ouverte;
logement/enveloppe/baie_vitree_collection/baie_vitree/donnee_entree/enum_type_adjacence_id;17;/enveloppe/local_non_chauffe/type;hall_entree_avec_fermeture_automatique;
logement/enveloppe/baie_vitree_collection/baie_vitree/donnee_entree/enum_type_adjacence_id;18;/enveloppe/local_non_chauffe/type;hall_entree_sans_fermeture_automatique;
logement/enveloppe/baie_vitree_collection/baie_vitree/donnee_entree/enum_type_adjacence_id;19;/enveloppe/local_non_chauffe/type;garage_collectif;
logement/enveloppe/baie_vitree_collection/baie_vitree/donnee_entree/enum_type_adjacence_id;21;/enveloppe/local_non_chauffe/type;autres;
logement/enveloppe/mur_collection/mur/donnee_entree/enum_type_adjacence_id;8;/enveloppe/local_non_chauffe/type;garage;
logement/enveloppe/mur_collection/mur/donnee_entree/enum_type_adjacence_id;9;/enveloppe/local_non_chauffe/type;cellier;
logement/enveloppe/mur_collection/mur/donnee_entree/enum_type_adjacence_id;11;/enveloppe/local_non_chauffe/type;comble_fortement_ventile;
logement/enveloppe/mur_collection/mur/donnee_entree/enum_type_adjacence_id;12;/enveloppe/local_non_chauffe/type;comble_faiblement_ventile;
logement/enveloppe/mur_collection/mur/donnee_entree/enum_type_adjacence_id;13;/enveloppe/local_non_chauffe/type;comble_tres_faiblement_ventile;
logement/enveloppe/mur_collection/mur/donnee_entree/enum_type_adjacence_id;14;/enveloppe/local_non_chauffe/type;circulation_sans_ouverture_exterieure;
logement/enveloppe/mur_collection/mur/donnee_entree/enum_type_adjacence_id;15;/enveloppe/local_non_chauffe/type;circulation_avec_ouverture_exterieure;
logement/enveloppe/mur_collection/mur/donnee_entree/enum_type_adjacence_id;16;/enveloppe/local_non_chauffe/type;circulation_avec_bouche_ou_gaine_desenfumage_ouverte;
logement/enveloppe/mur_collection/mur/donnee_entree/enum_type_adjacence_id;17;/enveloppe/local_non_chauffe/type;hall_entree_avec_fermeture_automatique;
logement/enveloppe/mur_collection/mur/donnee_entree/enum_type_adjacence_id;18;/enveloppe/local_non_chauffe/type;hall_entree_sans_fermeture_automatique;
logement/enveloppe/mur_collection/mur/donnee_entree/enum_type_adjacence_id;19;/enveloppe/local_non_chauffe/type;garage_collectif;
logement/enveloppe/mur_collection/mur/donnee_entree/enum_type_adjacence_id;21;/enveloppe/local_non_chauffe/type;autres;
logement/enveloppe/plancher_bas_collection/plancher_bas/donnee_entree/enum_type_adjacence_id;8;/enveloppe/local_non_chauffe/type;garage;
logement/enveloppe/plancher_bas_collection/plancher_bas/donnee_entree/enum_type_adjacence_id;9;/enveloppe/local_non_chauffe/type;cellier;
logement/enveloppe/plancher_bas_collection/plancher_bas/donnee_entree/enum_type_adjacence_id;11;/enveloppe/local_non_chauffe/type;comble_fortement_ventile;
logement/enveloppe/plancher_bas_collection/plancher_bas/donnee_entree/enum_type_adjacence_id;12;/enveloppe/local_non_chauffe/type;comble_faiblement_ventile;
logement/enveloppe/plancher_bas_collection/plancher_bas/donnee_entree/enum_type_adjacence_id;13;/enveloppe/local_non_chauffe/type;comble_tres_faiblement_ventile;
logement/enveloppe/plancher_bas_collection/plancher_bas/donnee_entree/enum_type_adjacence_id;14;/enveloppe/local_non_chauffe/type;circulation_sans_ouverture_exterieure;
logement/enveloppe/plancher_bas_collection/plancher_bas/donnee_entree/enum_type_adjacence_id;15;/enveloppe/local_non_chauffe/type;circulation_avec_ouverture_exterieure;
logement/enveloppe/plancher_bas_collection/plancher_bas/donnee_entree/enum_type_adjacence_id;16;/enveloppe/local_non_chauffe/type;circulation_avec_bouche_ou_gaine_desenfumage_ouverte;
logement/enveloppe/plancher_bas_collection/plancher_bas/donnee_entree/enum_type_adjacence_id;17;/enveloppe/local_non_chauffe/type;hall_entree_avec_fermeture_automatique;
logement/enveloppe/plancher_bas_collection/plancher_bas/donnee_entree/enum_type_adjacence_id;18;/enveloppe/local_non_chauffe/type;hall_entree_sans_fermeture_automatique;
logement/enveloppe/plancher_bas_collection/plancher_bas/donnee_entree/enum_type_adjacence_id;19;/enveloppe/local_non_chauffe/type;garage_collectif;
logement/enveloppe/plancher_bas_collection/plancher_bas/donnee_entree/enum_type_adjacence_id;21;/enveloppe/local_non_chauffe/type;autres;
logement/enveloppe/plancher_haut_collection/plancher_haut/donnee_entree/enum_type_adjacence_id;8;/enveloppe/local_non_chauffe/type;garage;
logement/enveloppe/plancher_haut_collection/plancher_haut/donnee_entree/enum_type_adjacence_id;9;/enveloppe/local_non_chauffe/type;cellier;
logement/enveloppe/plancher_haut_collection/plancher_haut/donnee_entree/enum_type_adjacence_id;11;/enveloppe/local_non_chauffe/type;comble_fortement_ventile;
logement/enveloppe/plancher_haut_collection/plancher_haut/donnee_entree/enum_type_adjacence_id;12;/enveloppe/local_non_chauffe/type;comble_faiblement_ventile;
logement/enveloppe/plancher_haut_collection/plancher_haut/donnee_entree/enum_type_adjacence_id;13;/enveloppe/local_non_chauffe/type;comble_tres_faiblement_ventile;
logement/enveloppe/plancher_haut_collection/plancher_haut/donnee_entree/enum_type_adjacence_id;14;/enveloppe/local_non_chauffe/type;circulation_sans_ouverture_exterieure;
logement/enveloppe/plancher_haut_collection/plancher_haut/donnee_entree/enum_type_adjacence_id;15;/enveloppe/local_non_chauffe/type;circulation_avec_ouverture_exterieure;
logement/enveloppe/plancher_haut_collection/plancher_haut/donnee_entree/enum_type_adjacence_id;16;/enveloppe/local_non_chauffe/type;circulation_avec_bouche_ou_gaine_desenfumage_ouverte;
logement/enveloppe/plancher_haut_collection/plancher_haut/donnee_entree/enum_type_adjacence_id;17;/enveloppe/local_non_chauffe/type;hall_entree_avec_fermeture_automatique;
logement/enveloppe/plancher_haut_collection/plancher_haut/donnee_entree/enum_type_adjacence_id;18;/enveloppe/local_non_chauffe/type;hall_entree_sans_fermeture_automatique;
logement/enveloppe/plancher_haut_collection/plancher_haut/donnee_entree/enum_type_adjacence_id;19;/enveloppe/local_non_chauffe/type;garage_collectif;
logement/enveloppe/plancher_haut_collection/plancher_haut/donnee_entree/enum_type_adjacence_id;21;/enveloppe/local_non_chauffe/type;autres;
logement/enveloppe/porte_collection/porte/donnee_entree/enum_type_adjacence_id;8;/enveloppe/local_non_chauffe/type;garage;
logement/enveloppe/porte_collection/porte/donnee_entree/enum_type_adjacence_id;9;/enveloppe/local_non_chauffe/type;cellier;
logement/enveloppe/porte_collection/porte/donnee_entree/enum_type_adjacence_id;11;/enveloppe/local_non_chauffe/type;comble_fortement_ventile;
logement/enveloppe/porte_collection/porte/donnee_entree/enum_type_adjacence_id;12;/enveloppe/local_non_chauffe/type;comble_faiblement_ventile;
logement/enveloppe/porte_collection/porte/donnee_entree/enum_type_adjacence_id;13;/enveloppe/local_non_chauffe/type;comble_tres_faiblement_ventile;
logement/enveloppe/porte_collection/porte/donnee_entree/enum_type_adjacence_id;14;/enveloppe/local_non_chauffe/type;circulation_sans_ouverture_exterieure;
logement/enveloppe/porte_collection/porte/donnee_entree/enum_type_adjacence_id;15;/enveloppe/local_non_chauffe/type;circulation_avec_ouverture_exterieure;
logement/enveloppe/porte_collection/porte/donnee_entree/enum_type_adjacence_id;16;/enveloppe/local_non_chauffe/type;circulation_avec_bouche_ou_gaine_desenfumage_ouverte;
logement/enveloppe/porte_collection/porte/donnee_entree/enum_type_adjacence_id;17;/enveloppe/local_non_chauffe/type;hall_entree_avec_fermeture_automatique;
logement/enveloppe/porte_collection/porte/donnee_entree/enum_type_adjacence_id;18;/enveloppe/local_non_chauffe/type;hall_entree_sans_fermeture_automatique;
logement/enveloppe/porte_collection/porte/donnee_entree/enum_type_adjacence_id;19;/enveloppe/local_non_chauffe/type;garage_collectif;
logement/enveloppe/porte_collection/porte/donnee_entree/enum_type_adjacence_id;21;/enveloppe/local_non_chauffe/type;autres;
logement/enveloppe/baie_vitree_collection/baie_vitree/donnee_entree/enum_cfg_isolation_lnc_id;2;/enveloppe/local_non_chauffe/paroi/isolation;non_isole;Paroi donnant sur l'extérieur
logement/enveloppe/baie_vitree_collection/baie_vitree/donnee_entree/enum_cfg_isolation_lnc_id;3;/enveloppe/local_non_chauffe/paroi/isolation;isole;Paroi donnant sur l'extérieur
logement/enveloppe/baie_vitree_collection/baie_vitree/donnee_entree/enum_cfg_isolation_lnc_id;4;/enveloppe/local_non_chauffe/paroi/isolation;non_isole;Paroi donnant sur l'extérieur
logement/enveloppe/baie_vitree_collection/baie_vitree/donnee_entree/enum_cfg_isolation_lnc_id;5;/enveloppe/local_non_chauffe/paroi/isolation;isole;Paroi donnant sur l'extérieur
logement/enveloppe/baie_vitree_collection/baie_vitree/donnee_entree/enum_cfg_isolation_lnc_id;2;/enveloppe/local_non_chauffe/paroi/isolation;non_isole;Paroi donnant sur un local chauffé
logement/enveloppe/baie_vitree_collection/baie_vitree/donnee_entree/enum_cfg_isolation_lnc_id;3;/enveloppe/local_non_chauffe/paroi/isolation;non_isole;Paroi donnant sur un local chauffé
logement/enveloppe/baie_vitree_collection/baie_vitree/donnee_entree/enum_cfg_isolation_lnc_id;4;/enveloppe/local_non_chauffe/paroi/isolation;isole;Paroi donnant sur un local chauffé
logement/enveloppe/baie_vitree_collection/baie_vitree/donnee_entree/enum_cfg_isolation_lnc_id;5;/enveloppe/local_non_chauffe/paroi/isolation;isole;Paroi donnant sur un local chauffé
logement/enveloppe/mur_collection/mur/donnee_entree/enum_cfg_isolation_lnc_id;2;/enveloppe/local_non_chauffe/paroi/isolation;non_isole;Paroi donnant sur l'extérieur
logement/enveloppe/mur_collection/mur/donnee_entree/enum_cfg_isolation_lnc_id;3;/enveloppe/local_non_chauffe/paroi/isolation;isole;Paroi donnant sur l'extérieur
logement/enveloppe/mur_collection/mur/donnee_entree/enum_cfg_isolation_lnc_id;4;/enveloppe/local_non_chauffe/paroi/isolation;non_isole;Paroi donnant sur l'extérieur
logement/enveloppe/mur_collection/mur/donnee_entree/enum_cfg_isolation_lnc_id;5;/enveloppe/local_non_chauffe/paroi/isolation;isole;Paroi donnant sur l'extérieur
logement/enveloppe/mur_collection/mur/donnee_entree/enum_cfg_isolation_lnc_id;2;/enveloppe/local_non_chauffe/paroi/isolation;non_isole;Paroi donnant sur un local chauffé
logement/enveloppe/mur_collection/mur/donnee_entree/enum_cfg_isolation_lnc_id;3;/enveloppe/local_non_chauffe/paroi/isolation;non_isole;Paroi donnant sur un local chauffé
logement/enveloppe/mur_collection/mur/donnee_entree/enum_cfg_isolation_lnc_id;4;/enveloppe/local_non_chauffe/paroi/isolation;isole;Paroi donnant sur un local chauffé
logement/enveloppe/mur_collection/mur/donnee_entree/enum_cfg_isolation_lnc_id;5;/enveloppe/local_non_chauffe/paroi/isolation;isole;Paroi donnant sur un local chauffé
logement/enveloppe/plancher_bas_collection/plancher_bas/donnee_entree/enum_cfg_isolation_lnc_id;2;/enveloppe/local_non_chauffe/paroi/isolation;non_isole;Paroi donnant sur l'extérieur
logement/enveloppe/plancher_bas_collection/plancher_bas/donnee_entree/enum_cfg_isolation_lnc_id;3;/enveloppe/local_non_chauffe/paroi/isolation;isole;Paroi donnant sur l'extérieur
logement/enveloppe/plancher_bas_collection/plancher_bas/donnee_entree/enum_cfg_isolation_lnc_id;4;/enveloppe/local_non_chauffe/paroi/isolation;non_isole;Paroi donnant sur l'extérieur
logement/enveloppe/plancher_bas_collection/plancher_bas/donnee_entree/enum_cfg_isolation_lnc_id;5;/enveloppe/local_non_chauffe/paroi/isolation;isole;Paroi donnant sur l'extérieur
logement/enveloppe/plancher_bas_collection/plancher_bas/donnee_entree/enum_cfg_isolation_lnc_id;2;/enveloppe/local_non_chauffe/paroi/isolation;non_isole;Paroi donnant sur un local chauffé
logement/enveloppe/plancher_bas_collection/plancher_bas/donnee_entree/enum_cfg_isolation_lnc_id;3;/enveloppe/local_non_chauffe/paroi/isolation;non_isole;Paroi donnant sur un local chauffé
logement/enveloppe/plancher_bas_collection/plancher_bas/donnee_entree/enum_cfg_isolation_lnc_id;4;/enveloppe/local_non_chauffe/paroi/isolation;isole;Paroi donnant sur un local chauffé
logement/enveloppe/plancher_bas_collection/plancher_bas/donnee_entree/enum_cfg_isolation_lnc_id;5;/enveloppe/local_non_chauffe/paroi/isolation;isole;Paroi donnant sur un local chauffé
logement/enveloppe/plancher_haut_collection/plancher_haut/donnee_entree/enum_cfg_isolation_lnc_id;2;/enveloppe/local_non_chauffe/paroi/isolation;non_isole;Paroi donnant sur l'extérieur
logement/enveloppe/plancher_haut_collection/plancher_haut/donnee_entree/enum_cfg_isolation_lnc_id;3;/enveloppe/local_non_chauffe/paroi/isolation;isole;Paroi donnant sur l'extérieur
logement/enveloppe/plancher_haut_collection/plancher_haut/donnee_entree/enum_cfg_isolation_lnc_id;4;/enveloppe/local_non_chauffe/paroi/isolation;non_isole;Paroi donnant sur l'extérieur
logement/enveloppe/plancher_haut_collection/plancher_haut/donnee_entree/enum_cfg_isolation_lnc_id;5;/enveloppe/local_non_chauffe/paroi/isolation;isole;Paroi donnant sur l'extérieur
logement/enveloppe/plancher_haut_collection/plancher_haut/donnee_entree/enum_cfg_isolation_lnc_id;2;/enveloppe/local_non_chauffe/paroi/isolation;non_isole;Paroi donnant sur un local chauffé
logement/enveloppe/plancher_haut_collection/plancher_haut/donnee_entree/enum_cfg_isolation_lnc_id;3;/enveloppe/local_non_chauffe/paroi/isolation;non_isole;Paroi donnant sur un local chauffé
logement/enveloppe/plancher_haut_collection/plancher_haut/donnee_entree/enum_cfg_isolation_lnc_id;4;/enveloppe/local_non_chauffe/paroi/isolation;isole;Paroi donnant sur un local chauffé
logement/enveloppe/plancher_haut_collection/plancher_haut/donnee_entree/enum_cfg_isolation_lnc_id;5;/enveloppe/local_non_chauffe/paroi/isolation;isole;Paroi donnant sur un local chauffé
logement/enveloppe/porte_collection/porte/donnee_entree/enum_cfg_isolation_lnc_id;2;/enveloppe/local_non_chauffe/paroi/isolation;non_isole;Paroi donnant sur l'extérieur
logement/enveloppe/porte_collection/porte/donnee_entree/enum_cfg_isolation_lnc_id;3;/enveloppe/local_non_chauffe/paroi/isolation;isole;Paroi donnant sur l'extérieur
logement/enveloppe/porte_collection/porte/donnee_entree/enum_cfg_isolation_lnc_id;4;/enveloppe/local_non_chauffe/paroi/isolation;non_isole;Paroi donnant sur l'extérieur
logement/enveloppe/porte_collection/porte/donnee_entree/enum_cfg_isolation_lnc_id;5;/enveloppe/local_non_chauffe/paroi/isolation;isole;Paroi donnant sur l'extérieur
logement/enveloppe/porte_collection/porte/donnee_entree/enum_cfg_isolation_lnc_id;2;/enveloppe/local_non_chauffe/paroi/isolation;non_isole;Paroi donnant sur un local chauffé
logement/enveloppe/porte_collection/porte/donnee_entree/enum_cfg_isolation_lnc_id;3;/enveloppe/local_non_chauffe/paroi/isolation;non_isole;Paroi donnant sur un local chauffé
logement/enveloppe/porte_collection/porte/donnee_entree/enum_cfg_isolation_lnc_id;4;/enveloppe/local_non_chauffe/paroi/isolation;isole;Paroi donnant sur un local chauffé
logement/enveloppe/porte_collection/porte/donnee_entree/enum_cfg_isolation_lnc_id;5;/enveloppe/local_non_chauffe/paroi/isolation;isole;Paroi donnant sur un local chauffé
logement/enveloppe/ets_collection/ets/donnee_entree/tv_coef_transparence_ets;1;/enveloppe/local_non_chauffe/baie/materiau;polycarbonate;
logement/enveloppe/ets_collection/ets/donnee_entree/tv_coef_transparence_ets;2;/enveloppe/local_non_chauffe/baie/materiau;bois;
logement/enveloppe/ets_collection/ets/donnee_entree/tv_coef_transparence_ets;3;/enveloppe/local_non_chauffe/baie/materiau;bois;
logement/enveloppe/ets_collection/ets/donnee_entree/tv_coef_transparence_ets;4;/enveloppe/local_non_chauffe/baie/materiau;bois;
logement/enveloppe/ets_collection/ets/donnee_entree/tv_coef_transparence_ets;5;/enveloppe/local_non_chauffe/baie/materiau;bois;
logement/enveloppe/ets_collection/ets/donnee_entree/tv_coef_transparence_ets;6;/enveloppe/local_non_chauffe/baie/materiau;bois;
logement/enveloppe/ets_collection/ets/donnee_entree/tv_coef_transparence_ets;7;/enveloppe/local_non_chauffe/baie/materiau;pvc;
logement/enveloppe/ets_collection/ets/donnee_entree/tv_coef_transparence_ets;8;/enveloppe/local_non_chauffe/baie/materiau;pvc;
logement/enveloppe/ets_collection/ets/donnee_entree/tv_coef_transparence_ets;9;/enveloppe/local_non_chauffe/baie/materiau;pvc;
logement/enveloppe/ets_collection/ets/donnee_entree/tv_coef_transparence_ets;10;/enveloppe/local_non_chauffe/baie/materiau;pvc;
logement/enveloppe/ets_collection/ets/donnee_entree/tv_coef_transparence_ets;11;/enveloppe/local_non_chauffe/baie/materiau;pvc;
logement/enveloppe/ets_collection/ets/donnee_entree/tv_coef_transparence_ets;12;/enveloppe/local_non_chauffe/baie/materiau;metal;
logement/enveloppe/ets_collection/ets/donnee_entree/tv_coef_transparence_ets;13;/enveloppe/local_non_chauffe/baie/materiau;metal;
logement/enveloppe/ets_collection/ets/donnee_entree/tv_coef_transparence_ets;14;/enveloppe/local_non_chauffe/baie/materiau;metal;
logement/enveloppe/ets_collection/ets/donnee_entree/tv_coef_transparence_ets;15;/enveloppe/local_non_chauffe/baie/materiau;metal;
logement/enveloppe/ets_collection/ets/donnee_entree/tv_coef_transparence_ets;16;/enveloppe/local_non_chauffe/baie/materiau;metal;
logement/enveloppe/ets_collection/ets/donnee_entree/tv_coef_transparence_ets;17;/enveloppe/local_non_chauffe/baie/materiau;metal;
logement/enveloppe/ets_collection/ets/donnee_entree/tv_coef_transparence_ets;18;/enveloppe/local_non_chauffe/baie/materiau;metal;
logement/enveloppe/ets_collection/ets/donnee_entree/tv_coef_transparence_ets;19;/enveloppe/local_non_chauffe/baie/materiau;metal;
logement/enveloppe/ets_collection/ets/donnee_entree/tv_coef_transparence_ets;20;/enveloppe/local_non_chauffe/baie/materiau;metal;
logement/enveloppe/ets_collection/ets/donnee_entree/tv_coef_transparence_ets;21;/enveloppe/local_non_chauffe/baie/materiau;metal;
logement/enveloppe/ets_collection/ets/donnee_entree/tv_coef_transparence_ets;12;/enveloppe/local_non_chauffe/baie/presence_rupteur_pont_thermique;true;
logement/enveloppe/ets_collection/ets/donnee_entree/tv_coef_transparence_ets;13;/enveloppe/local_non_chauffe/baie/presence_rupteur_pont_thermique;true;
logement/enveloppe/ets_collection/ets/donnee_entree/tv_coef_transparence_ets;14;/enveloppe/local_non_chauffe/baie/presence_rupteur_pont_thermique;true;
logement/enveloppe/ets_collection/ets/donnee_entree/tv_coef_transparence_ets;15;/enveloppe/local_non_chauffe/baie/presence_rupteur_pont_thermique;true;
logement/enveloppe/ets_collection/ets/donnee_entree/tv_coef_transparence_ets;16;/enveloppe/local_non_chauffe/baie/presence_rupteur_pont_thermique;true;
logement/enveloppe/ets_collection/ets/donnee_entree/tv_coef_transparence_ets;17;/enveloppe/local_non_chauffe/baie/presence_rupteur_pont_thermique;false;
logement/enveloppe/ets_collection/ets/donnee_entree/tv_coef_transparence_ets;18;/enveloppe/local_non_chauffe/baie/presence_rupteur_pont_thermique;false;
logement/enveloppe/ets_collection/ets/donnee_entree/tv_coef_transparence_ets;19;/enveloppe/local_non_chauffe/baie/presence_rupteur_pont_thermique;false;
logement/enveloppe/ets_collection/ets/donnee_entree/tv_coef_transparence_ets;20;/enveloppe/local_non_chauffe/baie/presence_rupteur_pont_thermique;false;
logement/enveloppe/ets_collection/ets/donnee_entree/tv_coef_transparence_ets;21;/enveloppe/local_non_chauffe/baie/presence_rupteur_pont_thermique;false;
logement/enveloppe/ets_collection/ets/donnee_entree/tv_coef_transparence_ets;1;/enveloppe/local_non_chauffe/baie/type_vitrage;polycarbonate;
logement/enveloppe/ets_collection/ets/donnee_entree/tv_coef_transparence_ets;2;/enveloppe/local_non_chauffe/baie/type_vitrage;simple_vitrage;
logement/enveloppe/ets_collection/ets/donnee_entree/tv_coef_transparence_ets;3;/enveloppe/local_non_chauffe/baie/type_vitrage;double_vitrage;
logement/enveloppe/ets_collection/ets/donnee_entree/tv_coef_transparence_ets;4;/enveloppe/local_non_chauffe/baie/type_vitrage;double_vitrage_fe;
logement/enveloppe/ets_collection/ets/donnee_entree/tv_coef_transparence_ets;5;/enveloppe/local_non_chauffe/baie/type_vitrage;triple_vitrage;
logement/enveloppe/ets_collection/ets/donnee_entree/tv_coef_transparence_ets;6;/enveloppe/local_non_chauffe/baie/type_vitrage;triple_vitrage_fe;
logement/enveloppe/ets_collection/ets/donnee_entree/tv_coef_transparence_ets;7;/enveloppe/local_non_chauffe/baie/type_vitrage;simple_vitrage;
logement/enveloppe/ets_collection/ets/donnee_entree/tv_coef_transparence_ets;8;/enveloppe/local_non_chauffe/baie/type_vitrage;double_vitrage;
logement/enveloppe/ets_collection/ets/donnee_entree/tv_coef_transparence_ets;9;/enveloppe/local_non_chauffe/baie/type_vitrage;double_vitrage_fe;
logement/enveloppe/ets_collection/ets/donnee_entree/tv_coef_transparence_ets;10;/enveloppe/local_non_chauffe/baie/type_vitrage;triple_vitrage;
logement/enveloppe/ets_collection/ets/donnee_entree/tv_coef_transparence_ets;11;/enveloppe/local_non_chauffe/baie/type_vitrage;triple_vitrage_fe;
logement/enveloppe/ets_collection/ets/donnee_entree/tv_coef_transparence_ets;12;/enveloppe/local_non_chauffe/baie/type_vitrage;simple_vitrage;
logement/enveloppe/ets_collection/ets/donnee_entree/tv_coef_transparence_ets;13;/enveloppe/local_non_chauffe/baie/type_vitrage;double_vitrage;
logement/enveloppe/ets_collection/ets/donnee_entree/tv_coef_transparence_ets;14;/enveloppe/local_non_chauffe/baie/type_vitrage;double_vitrage_fe;
logement/enveloppe/ets_collection/ets/donnee_entree/tv_coef_transparence_ets;15;/enveloppe/local_non_chauffe/baie/type_vitrage;triple_vitrage;
logement/enveloppe/ets_collection/ets/donnee_entree/tv_coef_transparence_ets;16;/enveloppe/local_non_chauffe/baie/type_vitrage;triple_vitrage_fe;
logement/enveloppe/ets_collection/ets/donnee_entree/tv_coef_transparence_ets;17;/enveloppe/local_non_chauffe/baie/type_vitrage;simple_vitrage;
logement/enveloppe/ets_collection/ets/donnee_entree/tv_coef_transparence_ets;18;/enveloppe/local_non_chauffe/baie/type_vitrage;double_vitrage;
logement/enveloppe/ets_collection/ets/donnee_entree/tv_coef_transparence_ets;19;/enveloppe/local_non_chauffe/baie/type_vitrage;double_vitrage_fe;
logement/enveloppe/ets_collection/ets/donnee_entree/tv_coef_transparence_ets;20;/enveloppe/local_non_chauffe/baie/type_vitrage;triple_vitrage;
logement/enveloppe/ets_collection/ets/donnee_entree/tv_coef_transparence_ets;21;/enveloppe/local_non_chauffe/baie/type_vitrage;triple_vitrage_fe;
logement/enveloppe/ets_collection/ets/baie_ets_collection/baie_ets/donnee_entree/enum_orientation_id;1;/enveloppe/local_non_chauffe/baie/orientation;180;
logement/enveloppe/ets_collection/ets/baie_ets_collection/baie_ets/donnee_entree/enum_orientation_id;2;/enveloppe/local_non_chauffe/baie/orientation;0;
logement/enveloppe/ets_collection/ets/baie_ets_collection/baie_ets/donnee_entree/enum_orientation_id;3;/enveloppe/local_non_chauffe/baie/orientation;90;
logement/enveloppe/ets_collection/ets/baie_ets_collection/baie_ets/donnee_entree/enum_orientation_id;4;/enveloppe/local_non_chauffe/baie/orientation;270;
logement/enveloppe/ets_collection/ets/baie_ets_collection/baie_ets/donnee_entree/enum_orientation_id;5;/enveloppe/local_non_chauffe/baie/orientation;;
logement/enveloppe/ets_collection/ets/baie_ets_collection/baie_ets/donnee_entree/enum_inclinaison_vitrage_id;1;/enveloppe/local_non_chauffe/baie/inclinaison;12.5;
logement/enveloppe/ets_collection/ets/baie_ets_collection/baie_ets/donnee_entree/enum_inclinaison_vitrage_id;2;/enveloppe/local_non_chauffe/baie/inclinaison;50;
logement/enveloppe/ets_collection/ets/baie_ets_collection/baie_ets/donnee_entree/enum_inclinaison_vitrage_id;3;/enveloppe/local_non_chauffe/baie/inclinaison;90;
logement/enveloppe/ets_collection/ets/baie_ets_collection/baie_ets/donnee_entree/enum_inclinaison_vitrage_id;4;/enveloppe/local_non_chauffe/baie/inclinaison;0;
logement/enveloppe/baie_vitree_collection/baie_vitree/donnee_entree/tv_coef_masque_lointain_homogene_id;1;/enveloppe/masque/hauteur;7.5;
logement/enveloppe/baie_vitree_collection/baie_vitree/donnee_entree/tv_coef_masque_lointain_homogene_id;2;/enveloppe/masque/hauteur;22.5;
logement/enveloppe/baie_vitree_collection/baie_vitree/donnee_entree/tv_coef_masque_lointain_homogene_id;3;/enveloppe/masque/hauteur;45;
logement/enveloppe/baie_vitree_collection/baie_vitree/donnee_entree/tv_coef_masque_lointain_homogene_id;4;/enveloppe/masque/hauteur;60;
logement/enveloppe/baie_vitree_collection/baie_vitree/donnee_entree/tv_coef_masque_lointain_homogene_id;5;/enveloppe/masque/hauteur;7.5;
logement/enveloppe/baie_vitree_collection/baie_vitree/donnee_entree/tv_coef_masque_lointain_homogene_id;6;/enveloppe/masque/hauteur;22.5;
logement/enveloppe/baie_vitree_collection/baie_vitree/donnee_entree/tv_coef_masque_lointain_homogene_id;7;/enveloppe/masque/hauteur;45;
logement/enveloppe/baie_vitree_collection/baie_vitree/donnee_entree/tv_coef_masque_lointain_homogene_id;8;/enveloppe/masque/hauteur;60;
logement/enveloppe/baie_vitree_collection/baie_vitree/donnee_entree/tv_coef_masque_lointain_homogene_id;9;/enveloppe/masque/hauteur;7.5;
logement/enveloppe/baie_vitree_collection/baie_vitree/donnee_entree/tv_coef_masque_lointain_homogene_id;10;/enveloppe/masque/hauteur;22.5;
logement/enveloppe/baie_vitree_collection/baie_vitree/donnee_entree/tv_coef_masque_lointain_homogene_id;11;/enveloppe/masque/hauteur;45;
logement/enveloppe/baie_vitree_collection/baie_vitree/donnee_entree/tv_coef_masque_lointain_homogene_id;12;/enveloppe/masque/hauteur;60;
logement/enveloppe/baie_vitree_collection/baie_vitree/donnee_entree/tv_coef_masque_proche_id;1;/enveloppe/masque/profondeur;0.5;
logement/enveloppe/baie_vitree_collection/baie_vitree/donnee_entree/tv_coef_masque_proche_id;2;/enveloppe/masque/profondeur;1.5;
logement/enveloppe/baie_vitree_collection/baie_vitree/donnee_entree/tv_coef_masque_proche_id;3;/enveloppe/masque/profondeur;2.5;
logement/enveloppe/baie_vitree_collection/baie_vitree/donnee_entree/tv_coef_masque_proche_id;4;/enveloppe/masque/profondeur;3.5;
logement/enveloppe/baie_vitree_collection/baie_vitree/donnee_entree/tv_coef_masque_proche_id;5;/enveloppe/masque/profondeur;0.5;
logement/enveloppe/baie_vitree_collection/baie_vitree/donnee_entree/tv_coef_masque_proche_id;6;/enveloppe/masque/profondeur;1.5;
logement/enveloppe/baie_vitree_collection/baie_vitree/donnee_entree/tv_coef_masque_proche_id;7;/enveloppe/masque/profondeur;2.5;
logement/enveloppe/baie_vitree_collection/baie_vitree/donnee_entree/tv_coef_masque_proche_id;8;/enveloppe/masque/profondeur;3.5;
logement/enveloppe/baie_vitree_collection/baie_vitree/donnee_entree/tv_coef_masque_proche_id;9;/enveloppe/masque/profondeur;0.5;
logement/enveloppe/baie_vitree_collection/baie_vitree/donnee_entree/tv_coef_masque_proche_id;10;/enveloppe/masque/profondeur;1.5;
logement/enveloppe/baie_vitree_collection/baie_vitree/donnee_entree/tv_coef_masque_proche_id;11;/enveloppe/masque/profondeur;2.5;
logement/enveloppe/baie_vitree_collection/baie_vitree/donnee_entree/tv_coef_masque_proche_id;12;/enveloppe/masque/profondeur;3.5;
logement/enveloppe/baie_vitree_collection/baie_vitree/donnee_entree/tv_coef_masque_proche_id;13;/enveloppe/masque/profondeur;0.5;
logement/enveloppe/baie_vitree_collection/baie_vitree/donnee_entree/tv_coef_masque_proche_id;14;/enveloppe/masque/profondeur;1.5;
logement/enveloppe/baie_vitree_collection/baie_vitree/donnee_entree/tv_coef_masque_proche_id;15;/enveloppe/masque/profondeur;2.5;
logement/enveloppe/baie_vitree_collection/baie_vitree/donnee_entree/tv_coef_masque_proche_id;16;/enveloppe/masque/profondeur;3.5;
logement/enveloppe/baie_vitree_collection/baie_vitree/donnee_entree/masque_lointain_non_homogene_collection/masque_lointain_non_homogene/tv_coef_masque_lointain_non_homogene_id;1;/enveloppe/masque/hauteur;7.5;
logement/enveloppe/baie_vitree_collection/baie_vitree/donnee_entree/masque_lointain_non_homogene_collection/masque_lointain_non_homogene/tv_coef_masque_lointain_non_homogene_id;2;/enveloppe/masque/hauteur;22.5;
logement/enveloppe/baie_vitree_collection/baie_vitree/donnee_entree/masque_lointain_non_homogene_collection/masque_lointain_non_homogene/tv_coef_masque_lointain_non_homogene_id;3;/enveloppe/masque/hauteur;45;
logement/enveloppe/baie_vitree_collection/baie_vitree/donnee_entree/masque_lointain_non_homogene_collection/masque_lointain_non_homogene/tv_coef_masque_lointain_non_homogene_id;4;/enveloppe/masque/hauteur;60;
logement/enveloppe/baie_vitree_collection/baie_vitree/donnee_entree/masque_lointain_non_homogene_collection/masque_lointain_non_homogene/tv_coef_masque_lointain_non_homogene_id;5;/enveloppe/masque/hauteur;7.5;
logement/enveloppe/baie_vitree_collection/baie_vitree/donnee_entree/masque_lointain_non_homogene_collection/masque_lointain_non_homogene/tv_coef_masque_lointain_non_homogene_id;6;/enveloppe/masque/hauteur;22.5;
logement/enveloppe/baie_vitree_collection/baie_vitree/donnee_entree/masque_lointain_non_homogene_collection/masque_lointain_non_homogene/tv_coef_masque_lointain_non_homogene_id;7;/enveloppe/masque/hauteur;45;
logement/enveloppe/baie_vitree_collection/baie_vitree/donnee_entree/masque_lointain_non_homogene_collection/masque_lointain_non_homogene/tv_coef_masque_lointain_non_homogene_id;8;/enveloppe/masque/hauteur;60;
logement/enveloppe/baie_vitree_collection/baie_vitree/donnee_entree/masque_lointain_non_homogene_collection/masque_lointain_non_homogene/tv_coef_masque_lointain_non_homogene_id;9;/enveloppe/masque/hauteur;7.5;
logement/enveloppe/baie_vitree_collection/baie_vitree/donnee_entree/masque_lointain_non_homogene_collection/masque_lointain_non_homogene/tv_coef_masque_lointain_non_homogene_id;10;/enveloppe/masque/hauteur;22.5;
logement/enveloppe/baie_vitree_collection/baie_vitree/donnee_entree/masque_lointain_non_homogene_collection/masque_lointain_non_homogene/tv_coef_masque_lointain_non_homogene_id;11;/enveloppe/masque/hauteur;45;
logement/enveloppe/baie_vitree_collection/baie_vitree/donnee_entree/masque_lointain_non_homogene_collection/masque_lointain_non_homogene/tv_coef_masque_lointain_non_homogene_id;12;/enveloppe/masque/hauteur;60;
logement/enveloppe/baie_vitree_collection/baie_vitree/donnee_entree/masque_lointain_non_homogene_collection/masque_lointain_non_homogene/tv_coef_masque_lointain_non_homogene_id;13;/enveloppe/masque/hauteur;7.5;
logement/enveloppe/baie_vitree_collection/baie_vitree/donnee_entree/masque_lointain_non_homogene_collection/masque_lointain_non_homogene/tv_coef_masque_lointain_non_homogene_id;14;/enveloppe/masque/hauteur;22.5;
logement/enveloppe/baie_vitree_collection/baie_vitree/donnee_entree/masque_lointain_non_homogene_collection/masque_lointain_non_homogene/tv_coef_masque_lointain_non_homogene_id;15;/enveloppe/masque/hauteur;45;
logement/enveloppe/baie_vitree_collection/baie_vitree/donnee_entree/masque_lointain_non_homogene_collection/masque_lointain_non_homogene/tv_coef_masque_lointain_non_homogene_id;16;/enveloppe/masque/hauteur;60;
logement/enveloppe/baie_vitree_collection/baie_vitree/donnee_entree/masque_lointain_non_homogene_collection/masque_lointain_non_homogene/tv_coef_masque_lointain_non_homogene_id;17;/enveloppe/masque/hauteur;7.5;
logement/enveloppe/baie_vitree_collection/baie_vitree/donnee_entree/masque_lointain_non_homogene_collection/masque_lointain_non_homogene/tv_coef_masque_lointain_non_homogene_id;18;/enveloppe/masque/hauteur;22.5;
logement/enveloppe/baie_vitree_collection/baie_vitree/donnee_entree/masque_lointain_non_homogene_collection/masque_lointain_non_homogene/tv_coef_masque_lointain_non_homogene_id;19;/enveloppe/masque/hauteur;45;
logement/enveloppe/baie_vitree_collection/baie_vitree/donnee_entree/masque_lointain_non_homogene_collection/masque_lointain_non_homogene/tv_coef_masque_lointain_non_homogene_id;20;/enveloppe/masque/hauteur;60;
logement/enveloppe/baie_vitree_collection/baie_vitree/donnee_entree/masque_lointain_non_homogene_collection/masque_lointain_non_homogene/tv_coef_masque_lointain_non_homogene_id;1;/enveloppe/masque/orientation;0;
logement/enveloppe/baie_vitree_collection/baie_vitree/donnee_entree/masque_lointain_non_homogene_collection/masque_lointain_non_homogene/tv_coef_masque_lointain_non_homogene_id;2;/enveloppe/masque/orientation;0;
logement/enveloppe/baie_vitree_collection/baie_vitree/donnee_entree/masque_lointain_non_homogene_collection/masque_lointain_non_homogene/tv_coef_masque_lointain_non_homogene_id;3;/enveloppe/masque/orientation;0;
logement/enveloppe/baie_vitree_collection/baie_vitree/donnee_entree/masque_lointain_non_homogene_collection/masque_lointain_non_homogene/tv_coef_masque_lointain_non_homogene_id;4;/enveloppe/masque/orientation;0;
logement/enveloppe/baie_vitree_collection/baie_vitree/donnee_entree/masque_lointain_non_homogene_collection/masque_lointain_non_homogene/tv_coef_masque_lointain_non_homogene_id;5;/enveloppe/masque/orientation;0;
logement/enveloppe/baie_vitree_collection/baie_vitree/donnee_entree/masque_lointain_non_homogene_collection/masque_lointain_non_homogene/tv_coef_masque_lointain_non_homogene_id;6;/enveloppe/masque/orientation;0;
logement/enveloppe/baie_vitree_collection/baie_vitree/donnee_entree/masque_lointain_non_homogene_collection/masque_lointain_non_homogene/tv_coef_masque_lointain_non_homogene_id;7;/enveloppe/masque/orientation;0;
logement/enveloppe/baie_vitree_collection/baie_vitree/donnee_entree/masque_lointain_non_homogene_collection/masque_lointain_non_homogene/tv_coef_masque_lointain_non_homogene_id;8;/enveloppe/masque/orientation;0;
logement/enveloppe/baie_vitree_collection/baie_vitree/donnee_entree/masque_lointain_non_homogene_collection/masque_lointain_non_homogene/tv_coef_masque_lointain_non_homogene_id;9;/enveloppe/masque/orientation;90;
logement/enveloppe/baie_vitree_collection/baie_vitree/donnee_entree/masque_lointain_non_homogene_collection/masque_lointain_non_homogene/tv_coef_masque_lointain_non_homogene_id;10;/enveloppe/masque/orientation;90;
logement/enveloppe/baie_vitree_collection/baie_vitree/donnee_entree/masque_lointain_non_homogene_collection/masque_lointain_non_homogene/tv_coef_masque_lointain_non_homogene_id;11;/enveloppe/masque/orientation;90;
logement/enveloppe/baie_vitree_collection/baie_vitree/donnee_entree/masque_lointain_non_homogene_collection/masque_lointain_non_homogene/tv_coef_masque_lointain_non_homogene_id;12;/enveloppe/masque/orientation;90;
logement/enveloppe/baie_vitree_collection/baie_vitree/donnee_entree/masque_lointain_non_homogene_collection/masque_lointain_non_homogene/tv_coef_masque_lointain_non_homogene_id;13;/enveloppe/masque/orientation;90;
logement/enveloppe/baie_vitree_collection/baie_vitree/donnee_entree/masque_lointain_non_homogene_collection/masque_lointain_non_homogene/tv_coef_masque_lointain_non_homogene_id;14;/enveloppe/masque/orientation;90;
logement/enveloppe/baie_vitree_collection/baie_vitree/donnee_entree/masque_lointain_non_homogene_collection/masque_lointain_non_homogene/tv_coef_masque_lointain_non_homogene_id;15;/enveloppe/masque/orientation;90;
logement/enveloppe/baie_vitree_collection/baie_vitree/donnee_entree/masque_lointain_non_homogene_collection/masque_lointain_non_homogene/tv_coef_masque_lointain_non_homogene_id;16;/enveloppe/masque/orientation;90;
logement/enveloppe/baie_vitree_collection/baie_vitree/donnee_entree/masque_lointain_non_homogene_collection/masque_lointain_non_homogene/tv_coef_masque_lointain_non_homogene_id;17;/enveloppe/masque/orientation;90;
logement/enveloppe/baie_vitree_collection/baie_vitree/donnee_entree/masque_lointain_non_homogene_collection/masque_lointain_non_homogene/tv_coef_masque_lointain_non_homogene_id;18;/enveloppe/masque/orientation;90;
logement/enveloppe/baie_vitree_collection/baie_vitree/donnee_entree/masque_lointain_non_homogene_collection/masque_lointain_non_homogene/tv_coef_masque_lointain_non_homogene_id;19;/enveloppe/masque/orientation;90;
logement/enveloppe/baie_vitree_collection/baie_vitree/donnee_entree/masque_lointain_non_homogene_collection/masque_lointain_non_homogene/tv_coef_masque_lointain_non_homogene_id;20;/enveloppe/masque/orientation;90;
logement/enveloppe/baie_vitree_collection/baie_vitree/donnee_entree/tv_coef_masque_proche_id;1;/enveloppe/masque/configuration;fond_balcon_ou_fond_et_flanc_loggias;
logement/enveloppe/baie_vitree_collection/baie_vitree/donnee_entree/tv_coef_masque_proche_id;2;/enveloppe/masque/configuration;fond_balcon_ou_fond_et_flanc_loggias;
logement/enveloppe/baie_vitree_collection/baie_vitree/donnee_entree/tv_coef_masque_proche_id;3;/enveloppe/masque/configuration;fond_balcon_ou_fond_et_flanc_loggias;
logement/enveloppe/baie_vitree_collection/baie_vitree/donnee_entree/tv_coef_masque_proche_id;4;/enveloppe/masque/configuration;fond_balcon_ou_fond_et_flanc_loggias;
logement/enveloppe/baie_vitree_collection/baie_vitree/donnee_entree/tv_coef_masque_proche_id;5;/enveloppe/masque/configuration;fond_balcon_ou_fond_et_flanc_loggias;
logement/enveloppe/baie_vitree_collection/baie_vitree/donnee_entree/tv_coef_masque_proche_id;6;/enveloppe/masque/configuration;fond_balcon_ou_fond_et_flanc_loggias;
logement/enveloppe/baie_vitree_collection/baie_vitree/donnee_entree/tv_coef_masque_proche_id;7;/enveloppe/masque/configuration;fond_balcon_ou_fond_et_flanc_loggias;
logement/enveloppe/baie_vitree_collection/baie_vitree/donnee_entree/tv_coef_masque_proche_id;8;/enveloppe/masque/configuration;fond_balcon_ou_fond_et_flanc_loggias;
logement/enveloppe/baie_vitree_collection/baie_vitree/donnee_entree/tv_coef_masque_proche_id;9;/enveloppe/masque/configuration;fond_balcon_ou_fond_et_flanc_loggias;
logement/enveloppe/baie_vitree_collection/baie_vitree/donnee_entree/tv_coef_masque_proche_id;10;/enveloppe/masque/configuration;fond_balcon_ou_fond_et_flanc_loggias;
logement/enveloppe/baie_vitree_collection/baie_vitree/donnee_entree/tv_coef_masque_proche_id;11;/enveloppe/masque/configuration;fond_balcon_ou_fond_et_flanc_loggias;
logement/enveloppe/baie_vitree_collection/baie_vitree/donnee_entree/tv_coef_masque_proche_id;12;/enveloppe/masque/configuration;fond_balcon_ou_fond_et_flanc_loggias;
logement/enveloppe/baie_vitree_collection/baie_vitree/donnee_entree/tv_coef_masque_proche_id;13;/enveloppe/masque/configuration;balcon_ou_auvent;
logement/enveloppe/baie_vitree_collection/baie_vitree/donnee_entree/tv_coef_masque_proche_id;14;/enveloppe/masque/configuration;balcon_ou_auvent;
logement/enveloppe/baie_vitree_collection/baie_vitree/donnee_entree/tv_coef_masque_proche_id;15;/enveloppe/masque/configuration;balcon_ou_auvent;
logement/enveloppe/baie_vitree_collection/baie_vitree/donnee_entree/tv_coef_masque_proche_id;16;/enveloppe/masque/configuration;balcon_ou_auvent;
logement/enveloppe/baie_vitree_collection/baie_vitree/donnee_entree/tv_coef_masque_proche_id;17;/enveloppe/masque/configuration;paroi_laterale_sans_obstacle_au_sud;
logement/enveloppe/baie_vitree_collection/baie_vitree/donnee_entree/tv_coef_masque_proche_id;18;/enveloppe/masque/configuration;paroi_laterale_avec_obstacle_au_sud;
logement/enveloppe/baie_vitree_collection/baie_vitree/donnee_entree/tv_coef_masque_lointain_homogene_id;1;/enveloppe/masque/orientation;nord;
logement/enveloppe/baie_vitree_collection/baie_vitree/donnee_entree/tv_coef_masque_lointain_homogene_id;2;/enveloppe/masque/orientation;nord;
logement/enveloppe/baie_vitree_collection/baie_vitree/donnee_entree/tv_coef_masque_lointain_homogene_id;3;/enveloppe/masque/orientation;nord;
logement/enveloppe/baie_vitree_collection/baie_vitree/donnee_entree/tv_coef_masque_lointain_homogene_id;4;/enveloppe/masque/orientation;nord;
logement/enveloppe/baie_vitree_collection/baie_vitree/donnee_entree/tv_coef_masque_lointain_homogene_id;5;/enveloppe/masque/orientation;sud;
logement/enveloppe/baie_vitree_collection/baie_vitree/donnee_entree/tv_coef_masque_lointain_homogene_id;6;/enveloppe/masque/orientation;sud;
logement/enveloppe/baie_vitree_collection/baie_vitree/donnee_entree/tv_coef_masque_lointain_homogene_id;7;/enveloppe/masque/orientation;sud;
logement/enveloppe/baie_vitree_collection/baie_vitree/donnee_entree/tv_coef_masque_lointain_homogene_id;8;/enveloppe/masque/orientation;sud;
logement/enveloppe/baie_vitree_collection/baie_vitree/donnee_entree/tv_coef_masque_lointain_homogene_id;9;/enveloppe/masque/orientation;est;
logement/enveloppe/baie_vitree_collection/baie_vitree/donnee_entree/tv_coef_masque_lointain_homogene_id;10;/enveloppe/masque/orientation;est;
logement/enveloppe/baie_vitree_collection/baie_vitree/donnee_entree/tv_coef_masque_lointain_homogene_id;11;/enveloppe/masque/orientation;est;
logement/enveloppe/baie_vitree_collection/baie_vitree/donnee_entree/tv_coef_masque_lointain_homogene_id;12;/enveloppe/masque/orientation;est;
logement/enveloppe/baie_vitree_collection/baie_vitree/donnee_entree/masque_lointain_non_homogene_collection/masque_lointain_non_homogene/tv_coef_masque_lointain_non_homogene_id;1;/enveloppe/masque/secteur;lateral;
logement/enveloppe/baie_vitree_collection/baie_vitree/donnee_entree/masque_lointain_non_homogene_collection/masque_lointain_non_homogene/tv_coef_masque_lointain_non_homogene_id;2;/enveloppe/masque/secteur;lateral;
logement/enveloppe/baie_vitree_collection/baie_vitree/donnee_entree/masque_lointain_non_homogene_collection/masque_lointain_non_homogene/tv_coef_masque_lointain_non_homogene_id;3;/enveloppe/masque/secteur;lateral;
logement/enveloppe/baie_vitree_collection/baie_vitree/donnee_entree/masque_lointain_non_homogene_collection/masque_lointain_non_homogene/tv_coef_masque_lointain_non_homogene_id;4;/enveloppe/masque/secteur;lateral;
logement/enveloppe/baie_vitree_collection/baie_vitree/donnee_entree/masque_lointain_non_homogene_collection/masque_lointain_non_homogene/tv_coef_masque_lointain_non_homogene_id;5;/enveloppe/masque/secteur;central;
logement/enveloppe/baie_vitree_collection/baie_vitree/donnee_entree/masque_lointain_non_homogene_collection/masque_lointain_non_homogene/tv_coef_masque_lointain_non_homogene_id;6;/enveloppe/masque/secteur;central;
logement/enveloppe/baie_vitree_collection/baie_vitree/donnee_entree/masque_lointain_non_homogene_collection/masque_lointain_non_homogene/tv_coef_masque_lointain_non_homogene_id;7;/enveloppe/masque/secteur;central;
logement/enveloppe/baie_vitree_collection/baie_vitree/donnee_entree/masque_lointain_non_homogene_collection/masque_lointain_non_homogene/tv_coef_masque_lointain_non_homogene_id;8;/enveloppe/masque/secteur;central;
logement/enveloppe/baie_vitree_collection/baie_vitree/donnee_entree/masque_lointain_non_homogene_collection/masque_lointain_non_homogene/tv_coef_masque_lointain_non_homogene_id;9;/enveloppe/masque/secteur;lateral_sud;
logement/enveloppe/baie_vitree_collection/baie_vitree/donnee_entree/masque_lointain_non_homogene_collection/masque_lointain_non_homogene/tv_coef_masque_lointain_non_homogene_id;10;/enveloppe/masque/secteur;lateral_sud;
logement/enveloppe/baie_vitree_collection/baie_vitree/donnee_entree/masque_lointain_non_homogene_collection/masque_lointain_non_homogene/tv_coef_masque_lointain_non_homogene_id;11;/enveloppe/masque/secteur;lateral_sud;
logement/enveloppe/baie_vitree_collection/baie_vitree/donnee_entree/masque_lointain_non_homogene_collection/masque_lointain_non_homogene/tv_coef_masque_lointain_non_homogene_id;12;/enveloppe/masque/secteur;lateral_sud;
logement/enveloppe/baie_vitree_collection/baie_vitree/donnee_entree/masque_lointain_non_homogene_collection/masque_lointain_non_homogene/tv_coef_masque_lointain_non_homogene_id;13;/enveloppe/masque/secteur;central_sud;
logement/enveloppe/baie_vitree_collection/baie_vitree/donnee_entree/masque_lointain_non_homogene_collection/masque_lointain_non_homogene/tv_coef_masque_lointain_non_homogene_id;14;/enveloppe/masque/secteur;central_sud;
logement/enveloppe/baie_vitree_collection/baie_vitree/donnee_entree/masque_lointain_non_homogene_collection/masque_lointain_non_homogene/tv_coef_masque_lointain_non_homogene_id;15;/enveloppe/masque/secteur;central_sud;
logement/enveloppe/baie_vitree_collection/baie_vitree/donnee_entree/masque_lointain_non_homogene_collection/masque_lointain_non_homogene/tv_coef_masque_lointain_non_homogene_id;16;/enveloppe/masque/secteur;central_sud;
logement/enveloppe/baie_vitree_collection/baie_vitree/donnee_entree/masque_lointain_non_homogene_collection/masque_lointain_non_homogene/tv_coef_masque_lointain_non_homogene_id;17;/enveloppe/masque/secteur;lateral;
logement/enveloppe/baie_vitree_collection/baie_vitree/donnee_entree/masque_lointain_non_homogene_collection/masque_lointain_non_homogene/tv_coef_masque_lointain_non_homogene_id;18;/enveloppe/masque/secteur;lateral;
logement/enveloppe/baie_vitree_collection/baie_vitree/donnee_entree/masque_lointain_non_homogene_collection/masque_lointain_non_homogene/tv_coef_masque_lointain_non_homogene_id;19;/enveloppe/masque/secteur;lateral;
logement/enveloppe/baie_vitree_collection/baie_vitree/donnee_entree/masque_lointain_non_homogene_collection/masque_lointain_non_homogene/tv_coef_masque_lointain_non_homogene_id;20;/enveloppe/masque/secteur;lateral;
logement/enveloppe/mur_collection/mur/donnee_entree/enum_type_isolation_id;1;/enveloppe/mur/isolation/etat;;
logement/enveloppe/mur_collection/mur/donnee_entree/enum_type_isolation_id;2;/enveloppe/mur/isolation/etat;non_isole;
logement/enveloppe/mur_collection/mur/donnee_entree/enum_type_isolation_id;3;/enveloppe/mur/isolation/etat;isole;
logement/enveloppe/mur_collection/mur/donnee_entree/enum_type_isolation_id;4;/enveloppe/mur/isolation/etat;isole;
logement/enveloppe/mur_collection/mur/donnee_entree/enum_type_isolation_id;5;/enveloppe/mur/isolation/etat;isole;
logement/enveloppe/mur_collection/mur/donnee_entree/enum_type_isolation_id;6;/enveloppe/mur/isolation/etat;isole;
logement/enveloppe/mur_collection/mur/donnee_entree/enum_type_isolation_id;7;/enveloppe/mur/isolation/etat;isole;
logement/enveloppe/mur_collection/mur/donnee_entree/enum_type_isolation_id;8;/enveloppe/mur/isolation/etat;isole;
logement/enveloppe/mur_collection/mur/donnee_entree/enum_type_isolation_id;9;/enveloppe/mur/isolation/etat;isole;
logement/enveloppe/mur_collection/mur/donnee_entree/enum_type_isolation_id;1;/enveloppe/mur/isolation/type;;
logement/enveloppe/mur_collection/mur/donnee_entree/enum_type_isolation_id;2;/enveloppe/mur/isolation/type;;
logement/enveloppe/mur_collection/mur/donnee_entree/enum_type_isolation_id;3;/enveloppe/mur/isolation/type;iti;
logement/enveloppe/mur_collection/mur/donnee_entree/enum_type_isolation_id;4;/enveloppe/mur/isolation/type;ite;
logement/enveloppe/mur_collection/mur/donnee_entree/enum_type_isolation_id;5;/enveloppe/mur/isolation/type;itr;
logement/enveloppe/mur_collection/mur/donnee_entree/enum_type_isolation_id;6;/enveloppe/mur/isolation/type;iti_ite;
logement/enveloppe/mur_collection/mur/donnee_entree/enum_type_isolation_id;7;/enveloppe/mur/isolation/type;itr_iti;
logement/enveloppe/mur_collection/mur/donnee_entree/enum_type_isolation_id;8;/enveloppe/mur/isolation/type;;
logement/enveloppe/mur_collection/mur/donnee_entree/enum_type_isolation_id;9;/enveloppe/mur/isolation/type;inconnu;
logement/enveloppe/mur_collection/mur/donnee_entree/enum_type_adjacence_id;1;/enveloppe/mur/position/mitoyennete;exterieur;
logement/enveloppe/mur_collection/mur/donnee_entree/enum_type_adjacence_id;2;/enveloppe/mur/position/mitoyennete;enterre;
logement/enveloppe/mur_collection/mur/donnee_entree/enum_type_adjacence_id;3;/enveloppe/mur/position/mitoyennete;vide_sanitaire;
logement/enveloppe/mur_collection/mur/donnee_entree/enum_type_adjacence_id;4;/enveloppe/mur/position/mitoyennete;local_non_residentiel;
logement/enveloppe/mur_collection/mur/donnee_entree/enum_type_adjacence_id;5;/enveloppe/mur/position/mitoyennete;enterre;
logement/enveloppe/mur_collection/mur/donnee_entree/enum_type_adjacence_id;6;/enveloppe/mur/position/mitoyennete;sous_sol_non_chauffe;
logement/enveloppe/mur_collection/mur/donnee_entree/enum_type_adjacence_id;7;/enveloppe/mur/position/mitoyennete;local_non_accessible;
logement/enveloppe/mur_collection/mur/donnee_entree/enum_type_adjacence_id;8;/enveloppe/mur/position/mitoyennete;local_non_chauffe;
logement/enveloppe/mur_collection/mur/donnee_entree/enum_type_adjacence_id;9;/enveloppe/mur/position/mitoyennete;local_non_chauffe;
logement/enveloppe/mur_collection/mur/donnee_entree/enum_type_adjacence_id;10;/enveloppe/mur/position/mitoyennete;local_non_chauffe;
logement/enveloppe/mur_collection/mur/donnee_entree/enum_type_adjacence_id;11;/enveloppe/mur/position/mitoyennete;local_non_chauffe;
logement/enveloppe/mur_collection/mur/donnee_entree/enum_type_adjacence_id;12;/enveloppe/mur/position/mitoyennete;local_non_chauffe;
logement/enveloppe/mur_collection/mur/donnee_entree/enum_type_adjacence_id;13;/enveloppe/mur/position/mitoyennete;local_non_chauffe;
logement/enveloppe/mur_collection/mur/donnee_entree/enum_type_adjacence_id;14;/enveloppe/mur/position/mitoyennete;local_non_chauffe;
logement/enveloppe/mur_collection/mur/donnee_entree/enum_type_adjacence_id;15;/enveloppe/mur/position/mitoyennete;local_non_chauffe;
logement/enveloppe/mur_collection/mur/donnee_entree/enum_type_adjacence_id;16;/enveloppe/mur/position/mitoyennete;local_non_chauffe;
logement/enveloppe/mur_collection/mur/donnee_entree/enum_type_adjacence_id;17;/enveloppe/mur/position/mitoyennete;local_non_chauffe;
logement/enveloppe/mur_collection/mur/donnee_entree/enum_type_adjacence_id;18;/enveloppe/mur/position/mitoyennete;local_non_chauffe;
logement/enveloppe/mur_collection/mur/donnee_entree/enum_type_adjacence_id;19;/enveloppe/mur/position/mitoyennete;local_non_chauffe;
logement/enveloppe/mur_collection/mur/donnee_entree/enum_type_adjacence_id;20;/enveloppe/mur/position/mitoyennete;local_non_residentiel;
logement/enveloppe/mur_collection/mur/donnee_entree/enum_type_adjacence_id;21;/enveloppe/mur/position/mitoyennete;local_non_chauffe;
logement/enveloppe/mur_collection/mur/donnee_entree/enum_type_adjacence_id;22;/enveloppe/mur/position/mitoyennete;local_residentiel;
logement/enveloppe/mur_collection/mur/donnee_entree/enum_materiaux_structure_mur_id;1;/enveloppe/mur/type_structure;inconnu;
logement/enveloppe/mur_collection/mur/donnee_entree/enum_materiaux_structure_mur_id;2;/enveloppe/mur/type_structure;pierre_moellons;
logement/enveloppe/mur_collection/mur/donnee_entree/enum_materiaux_structure_mur_id;3;/enveloppe/mur/type_structure;pierre_moellons_avec_remplissage;
logement/enveloppe/mur_collection/mur/donnee_entree/enum_materiaux_structure_mur_id;4;/enveloppe/mur/type_structure;pise_ou_beton_terre;
logement/enveloppe/mur_collection/mur/donnee_entree/enum_materiaux_structure_mur_id;5;/enveloppe/mur/type_structure;pan_bois_sans_remplissage;
logement/enveloppe/mur_collection/mur/donnee_entree/enum_materiaux_structure_mur_id;6;/enveloppe/mur/type_structure;pan_bois_avec_remplissage;
logement/enveloppe/mur_collection/mur/donnee_entree/enum_materiaux_structure_mur_id;7;/enveloppe/mur/type_structure;bois_rondin;
logement/enveloppe/mur_collection/mur/donnee_entree/enum_materiaux_structure_mur_id;8;/enveloppe/mur/type_structure;brique_pleine_simple;
logement/enveloppe/mur_collection/mur/donnee_entree/enum_materiaux_structure_mur_id;9;/enveloppe/mur/type_structure;brique_pleine_double_avec_lame_air;
logement/enveloppe/mur_collection/mur/donnee_entree/enum_materiaux_structure_mur_id;10;/enveloppe/mur/type_structure;brique_creuse;
logement/enveloppe/mur_collection/mur/donnee_entree/enum_materiaux_structure_mur_id;11;/enveloppe/mur/type_structure;bloc_beton_plein;
logement/enveloppe/mur_collection/mur/donnee_entree/enum_materiaux_structure_mur_id;12;/enveloppe/mur/type_structure;bloc_beton_creux;
logement/enveloppe/mur_collection/mur/donnee_entree/enum_materiaux_structure_mur_id;13;/enveloppe/mur/type_structure;beton_banche;
logement/enveloppe/mur_collection/mur/donnee_entree/enum_materiaux_structure_mur_id;14;/enveloppe/mur/type_structure;beton_machefer;
logement/enveloppe/mur_collection/mur/donnee_entree/enum_materiaux_structure_mur_id;15;/enveloppe/mur/type_structure;brique_terre_cuite_alveolaire;
logement/enveloppe/mur_collection/mur/donnee_entree/enum_materiaux_structure_mur_id;16;/enveloppe/mur/type_structure;beton_cellulaire;
logement/enveloppe/mur_collection/mur/donnee_entree/enum_materiaux_structure_mur_id;17;/enveloppe/mur/type_structure;beton_cellulaire;
logement/enveloppe/mur_collection/mur/donnee_entree/enum_materiaux_structure_mur_id;18;/enveloppe/mur/type_structure;ossature_bois_avec_remplissage_isolant;
logement/enveloppe/mur_collection/mur/donnee_entree/enum_materiaux_structure_mur_id;19;/enveloppe/mur/type_structure;sandwich_beton_isolant_beton_sans_isolation_rapportee;
logement/enveloppe/mur_collection/mur/donnee_entree/enum_materiaux_structure_mur_id;20;/enveloppe/mur/type_structure;cloison_platre;
logement/enveloppe/mur_collection/mur/donnee_entree/enum_materiaux_structure_mur_id;21;/enveloppe/mur/type_structure;inconnu;
logement/enveloppe/mur_collection/mur/donnee_entree/enum_materiaux_structure_mur_id;22;/enveloppe/mur/type_structure;inconnu;
logement/enveloppe/mur_collection/mur/donnee_entree/enum_materiaux_structure_mur_id;23;/enveloppe/mur/type_structure;inconnu;
logement/enveloppe/mur_collection/mur/donnee_entree/enum_materiaux_structure_mur_id;24;/enveloppe/mur/type_structure;ossature_bois_avec_remplissage_isolant;
logement/enveloppe/mur_collection/mur/donnee_entree/enum_materiaux_structure_mur_id;25;/enveloppe/mur/type_structure;ossature_bois_sans_remplissage;
logement/enveloppe/mur_collection/mur/donnee_entree/enum_materiaux_structure_mur_id;26;/enveloppe/mur/type_structure;ossature_bois_avec_remplissage_isolant;
logement/enveloppe/mur_collection/mur/donnee_entree/enum_materiaux_structure_mur_id;27;/enveloppe/mur/type_structure;ossature_bois_avec_remplissage_tout_venant;
logement/enveloppe/plancher_bas_collection/plancher_bas/donnee_entree/enum_type_isolation_id;1;/enveloppe/plancher_bas/isolation/etat;;
logement/enveloppe/plancher_bas_collection/plancher_bas/donnee_entree/enum_type_isolation_id;2;/enveloppe/plancher_bas/isolation/etat;non_isole;
logement/enveloppe/plancher_bas_collection/plancher_bas/donnee_entree/enum_type_isolation_id;3;/enveloppe/plancher_bas/isolation/etat;isole;
logement/enveloppe/plancher_bas_collection/plancher_bas/donnee_entree/enum_type_isolation_id;4;/enveloppe/plancher_bas/isolation/etat;isole;
logement/enveloppe/plancher_bas_collection/plancher_bas/donnee_entree/enum_type_isolation_id;5;/enveloppe/plancher_bas/isolation/etat;isole;
logement/enveloppe/plancher_bas_collection/plancher_bas/donnee_entree/enum_type_isolation_id;6;/enveloppe/plancher_bas/isolation/etat;isole;
logement/enveloppe/plancher_bas_collection/plancher_bas/donnee_entree/enum_type_isolation_id;7;/enveloppe/plancher_bas/isolation/etat;isole;
logement/enveloppe/plancher_bas_collection/plancher_bas/donnee_entree/enum_type_isolation_id;8;/enveloppe/plancher_bas/isolation/etat;isole;
logement/enveloppe/plancher_bas_collection/plancher_bas/donnee_entree/enum_type_isolation_id;9;/enveloppe/plancher_bas/isolation/etat;isole;
logement/enveloppe/plancher_bas_collection/plancher_bas/donnee_entree/enum_type_isolation_id;1;/enveloppe/plancher_bas/isolation/type;;
logement/enveloppe/plancher_bas_collection/plancher_bas/donnee_entree/enum_type_isolation_id;2;/enveloppe/plancher_bas/isolation/type;;
logement/enveloppe/plancher_bas_collection/plancher_bas/donnee_entree/enum_type_isolation_id;3;/enveloppe/plancher_bas/isolation/type;iti;
logement/enveloppe/plancher_bas_collection/plancher_bas/donnee_entree/enum_type_isolation_id;4;/enveloppe/plancher_bas/isolation/type;ite;
logement/enveloppe/plancher_bas_collection/plancher_bas/donnee_entree/enum_type_isolation_id;5;/enveloppe/plancher_bas/isolation/type;itr;
logement/enveloppe/plancher_bas_collection/plancher_bas/donnee_entree/enum_type_isolation_id;6;/enveloppe/plancher_bas/isolation/type;iti_ite;
logement/enveloppe/plancher_bas_collection/plancher_bas/donnee_entree/enum_type_isolation_id;7;/enveloppe/plancher_bas/isolation/type;itr_iti;
logement/enveloppe/plancher_bas_collection/plancher_bas/donnee_entree/enum_type_isolation_id;8;/enveloppe/plancher_bas/isolation/type;itr_ite;
logement/enveloppe/plancher_bas_collection/plancher_bas/donnee_entree/enum_type_isolation_id;9;/enveloppe/plancher_bas/isolation/type;;
logement/enveloppe/plancher_bas_collection/plancher_bas/donnee_entree/enum_type_plancher_bas_id;1;/enveloppe/plancher_bas/type_structure;;
logement/enveloppe/plancher_bas_collection/plancher_bas/donnee_entree/enum_type_plancher_bas_id;2;/enveloppe/plancher_bas/type_structure;plancher_avec_ou_sans_remplissage;
logement/enveloppe/plancher_bas_collection/plancher_bas/donnee_entree/enum_type_plancher_bas_id;3;/enveloppe/plancher_bas/type_structure;plancher_entre_solives_metalliques;
logement/enveloppe/plancher_bas_collection/plancher_bas/donnee_entree/enum_type_plancher_bas_id;4;/enveloppe/plancher_bas/type_structure;plancher_entre_solives_bois;
logement/enveloppe/plancher_bas_collection/plancher_bas/donnee_entree/enum_type_plancher_bas_id;5;/enveloppe/plancher_bas/type_structure;plancher_bois_sur_solives_metalliques;
logement/enveloppe/plancher_bas_collection/plancher_bas/donnee_entree/enum_type_plancher_bas_id;6;/enveloppe/plancher_bas/type_structure;bardeaux_et_remplissage;
logement/enveloppe/plancher_bas_collection/plancher_bas/donnee_entree/enum_type_plancher_bas_id;7;/enveloppe/plancher_bas/type_structure;voutains_sur_solives_metalliques;
logement/enveloppe/plancher_bas_collection/plancher_bas/donnee_entree/enum_type_plancher_bas_id;8;/enveloppe/plancher_bas/type_structure;voutains_briques_ou_moellons;
logement/enveloppe/plancher_bas_collection/plancher_bas/donnee_entree/enum_type_plancher_bas_id;9;/enveloppe/plancher_bas/type_structure;dalle_beton;
logement/enveloppe/plancher_bas_collection/plancher_bas/donnee_entree/enum_type_plancher_bas_id;10;/enveloppe/plancher_bas/type_structure;plancher_bois_sur_solives_bois;
logement/enveloppe/plancher_bas_collection/plancher_bas/donnee_entree/enum_type_plancher_bas_id;11;/enveloppe/plancher_bas/type_structure;plancher_lourd_type_entrevous_terre_cuite_ou_poutrelles_beton;
logement/enveloppe/plancher_bas_collection/plancher_bas/donnee_entree/enum_type_plancher_bas_id;12;/enveloppe/plancher_bas/type_structure;plancher_entrevous_isolant;
logement/enveloppe/plancher_bas_collection/plancher_bas/donnee_entree/enum_type_plancher_bas_id;13;/enveloppe/plancher_bas/type_structure;;
logement/enveloppe/plancher_bas_collection/plancher_bas/donnee_entree/enum_type_adjacence_id;1;/enveloppe/plancher_bas/position/mitoyennete;exterieur;
logement/enveloppe/plancher_bas_collection/plancher_bas/donnee_entree/enum_type_adjacence_id;2;/enveloppe/plancher_bas/position/mitoyennete;enterre;
logement/enveloppe/plancher_bas_collection/plancher_bas/donnee_entree/enum_type_adjacence_id;3;/enveloppe/plancher_bas/position/mitoyennete;vide_sanitaire;
logement/enveloppe/plancher_bas_collection/plancher_bas/donnee_entree/enum_type_adjacence_id;4;/enveloppe/plancher_bas/position/mitoyennete;local_non_residentiel;
logement/enveloppe/plancher_bas_collection/plancher_bas/donnee_entree/enum_type_adjacence_id;5;/enveloppe/plancher_bas/position/mitoyennete;enterre;
logement/enveloppe/plancher_bas_collection/plancher_bas/donnee_entree/enum_type_adjacence_id;6;/enveloppe/plancher_bas/position/mitoyennete;sous_sol_non_chauffe;
logement/enveloppe/plancher_bas_collection/plancher_bas/donnee_entree/enum_type_adjacence_id;7;/enveloppe/plancher_bas/position/mitoyennete;local_non_accessible;
logement/enveloppe/plancher_bas_collection/plancher_bas/donnee_entree/enum_type_adjacence_id;8;/enveloppe/plancher_bas/position/mitoyennete;local_non_chauffe;
logement/enveloppe/plancher_bas_collection/plancher_bas/donnee_entree/enum_type_adjacence_id;9;/enveloppe/plancher_bas/position/mitoyennete;local_non_chauffe;
logement/enveloppe/plancher_bas_collection/plancher_bas/donnee_entree/enum_type_adjacence_id;10;/enveloppe/plancher_bas/position/mitoyennete;local_non_chauffe;
logement/enveloppe/plancher_bas_collection/plancher_bas/donnee_entree/enum_type_adjacence_id;11;/enveloppe/plancher_bas/position/mitoyennete;local_non_chauffe;
logement/enveloppe/plancher_bas_collection/plancher_bas/donnee_entree/enum_type_adjacence_id;12;/enveloppe/plancher_bas/position/mitoyennete;local_non_chauffe;
logement/enveloppe/plancher_bas_collection/plancher_bas/donnee_entree/enum_type_adjacence_id;13;/enveloppe/plancher_bas/position/mitoyennete;local_non_chauffe;
logement/enveloppe/plancher_bas_collection/plancher_bas/donnee_entree/enum_type_adjacence_id;14;/enveloppe/plancher_bas/position/mitoyennete;local_non_chauffe;
logement/enveloppe/plancher_bas_collection/plancher_bas/donnee_entree/enum_type_adjacence_id;15;/enveloppe/plancher_bas/position/mitoyennete;local_non_chauffe;
logement/enveloppe/plancher_bas_collection/plancher_bas/donnee_entree/enum_type_adjacence_id;16;/enveloppe/plancher_bas/position/mitoyennete;local_non_chauffe;
logement/enveloppe/plancher_bas_collection/plancher_bas/donnee_entree/enum_type_adjacence_id;17;/enveloppe/plancher_bas/position/mitoyennete;local_non_chauffe;
logement/enveloppe/plancher_bas_collection/plancher_bas/donnee_entree/enum_type_adjacence_id;18;/enveloppe/plancher_bas/position/mitoyennete;local_non_chauffe;
logement/enveloppe/plancher_bas_collection/plancher_bas/donnee_entree/enum_type_adjacence_id;19;/enveloppe/plancher_bas/position/mitoyennete;local_non_chauffe;
logement/enveloppe/plancher_bas_collection/plancher_bas/donnee_entree/enum_type_adjacence_id;20;/enveloppe/plancher_bas/position/mitoyennete;local_non_residentiel;
logement/enveloppe/plancher_bas_collection/plancher_bas/donnee_entree/enum_type_adjacence_id;21;/enveloppe/plancher_bas/position/mitoyennete;local_non_chauffe;
logement/enveloppe/plancher_bas_collection/plancher_bas/donnee_entree/enum_type_adjacence_id;22;/enveloppe/plancher_bas/position/mitoyennete;local_residentiel;
logement/enveloppe/plancher_haut_collection/plancher_haut/donnee_entree/enum_type_isolation_id;1;/enveloppe/plancher_haut/isolation/etat;;
logement/enveloppe/plancher_haut_collection/plancher_haut/donnee_entree/enum_type_isolation_id;2;/enveloppe/plancher_haut/isolation/etat;non_isole;
logement/enveloppe/plancher_haut_collection/plancher_haut/donnee_entree/enum_type_isolation_id;3;/enveloppe/plancher_haut/isolation/etat;isole;
logement/enveloppe/plancher_haut_collection/plancher_haut/donnee_entree/enum_type_isolation_id;4;/enveloppe/plancher_haut/isolation/etat;isole;
logement/enveloppe/plancher_haut_collection/plancher_haut/donnee_entree/enum_type_isolation_id;5;/enveloppe/plancher_haut/isolation/etat;isole;
logement/enveloppe/plancher_haut_collection/plancher_haut/donnee_entree/enum_type_isolation_id;6;/enveloppe/plancher_haut/isolation/etat;isole;
logement/enveloppe/plancher_haut_collection/plancher_haut/donnee_entree/enum_type_isolation_id;7;/enveloppe/plancher_haut/isolation/etat;isole;
logement/enveloppe/plancher_haut_collection/plancher_haut/donnee_entree/enum_type_isolation_id;8;/enveloppe/plancher_haut/isolation/etat;isole;
logement/enveloppe/plancher_haut_collection/plancher_haut/donnee_entree/enum_type_isolation_id;9;/enveloppe/plancher_haut/isolation/etat;isole;
logement/enveloppe/plancher_haut_collection/plancher_haut/donnee_entree/enum_type_isolation_id;1;/enveloppe/plancher_haut/isolation/type;;
logement/enveloppe/plancher_haut_collection/plancher_haut/donnee_entree/enum_type_isolation_id;2;/enveloppe/plancher_haut/isolation/type;;
logement/enveloppe/plancher_haut_collection/plancher_haut/donnee_entree/enum_type_isolation_id;3;/enveloppe/plancher_haut/isolation/type;iti;
logement/enveloppe/plancher_haut_collection/plancher_haut/donnee_entree/enum_type_isolation_id;4;/enveloppe/plancher_haut/isolation/type;ite;
logement/enveloppe/plancher_haut_collection/plancher_haut/donnee_entree/enum_type_isolation_id;5;/enveloppe/plancher_haut/isolation/type;itr;
logement/enveloppe/plancher_haut_collection/plancher_haut/donnee_entree/enum_type_isolation_id;6;/enveloppe/plancher_haut/isolation/type;iti_ite;
logement/enveloppe/plancher_haut_collection/plancher_haut/donnee_entree/enum_type_isolation_id;7;/enveloppe/plancher_haut/isolation/type;itr_iti;
logement/enveloppe/plancher_haut_collection/plancher_haut/donnee_entree/enum_type_isolation_id;8;/enveloppe/plancher_haut/isolation/type;itr_ite;
logement/enveloppe/plancher_haut_collection/plancher_haut/donnee_entree/enum_type_isolation_id;9;/enveloppe/plancher_haut/isolation/type;;
logement/enveloppe/plancher_haut_collection/plancher_haut/donnee_entree/enum_type_plancher_haut_id;1;/enveloppe/plancher_haut/type_structure;;
logement/enveloppe/plancher_haut_collection/plancher_haut/donnee_entree/enum_type_plancher_haut_id;2;/enveloppe/plancher_haut/type_structure;plafond_avec_ou_sans_remplissage;
logement/enveloppe/plancher_haut_collection/plancher_haut/donnee_entree/enum_type_plancher_haut_id;3;/enveloppe/plancher_haut/type_structure;plafond_entre_solives_metalliques;
logement/enveloppe/plancher_haut_collection/plancher_haut/donnee_entree/enum_type_plancher_haut_id;4;/enveloppe/plancher_haut/type_structure;plafond_entre_solives_bois;
logement/enveloppe/plancher_haut_collection/plancher_haut/donnee_entree/enum_type_plancher_haut_id;5;/enveloppe/plancher_haut/type_structure;plafond_bois_sur_solives_metalliques;
logement/enveloppe/plancher_haut_collection/plancher_haut/donnee_entree/enum_type_plancher_haut_id;6;/enveloppe/plancher_haut/type_structure;plafond_bois_sous_solives_metalliques;
logement/enveloppe/plancher_haut_collection/plancher_haut/donnee_entree/enum_type_plancher_haut_id;7;/enveloppe/plancher_haut/type_structure;bardeaux_et_remplissage;
logement/enveloppe/plancher_haut_collection/plancher_haut/donnee_entree/enum_type_plancher_haut_id;9;/enveloppe/plancher_haut/type_structure;plafond_bois_sur_solives_bois;
logement/enveloppe/plancher_haut_collection/plancher_haut/donnee_entree/enum_type_plancher_haut_id;10;/enveloppe/plancher_haut/type_structure;plafond_bois_sous_solives_bois;
logement/enveloppe/plancher_haut_collection/plancher_haut/donnee_entree/enum_type_plancher_haut_id;8;/enveloppe/plancher_haut/type_structure;dalle_beton;
logement/enveloppe/plancher_haut_collection/plancher_haut/donnee_entree/enum_type_plancher_haut_id;11;/enveloppe/plancher_haut/type_structure;plafond_lourd;
logement/enveloppe/plancher_haut_collection/plancher_haut/donnee_entree/enum_type_plancher_haut_id;12;/enveloppe/plancher_haut/type_structure;combles_amenages_sous_rampant;
logement/enveloppe/plancher_haut_collection/plancher_haut/donnee_entree/enum_type_plancher_haut_id;13;/enveloppe/plancher_haut/type_structure;toiture_chaume;
logement/enveloppe/plancher_haut_collection/plancher_haut/donnee_entree/enum_type_plancher_haut_id;14;/enveloppe/plancher_haut/type_structure;plafond_patre;
logement/enveloppe/plancher_haut_collection/plancher_haut/donnee_entree/enum_type_plancher_haut_id;16;/enveloppe/plancher_haut/type_structure;bac_acier;
logement/enveloppe/plancher_haut_collection/plancher_haut/donnee_entree/enum_type_plancher_haut_id;15;/enveloppe/plancher_haut/type_structure;;
logement/enveloppe/plancher_haut_collection/plancher_haut/donnee_entree/enum_type_adjacence_id;1;/enveloppe/plancher_haut/position/mitoyennete;exterieur;
logement/enveloppe/plancher_haut_collection/plancher_haut/donnee_entree/enum_type_adjacence_id;2;/enveloppe/plancher_haut/position/mitoyennete;enterre;
logement/enveloppe/plancher_haut_collection/plancher_haut/donnee_entree/enum_type_adjacence_id;3;/enveloppe/plancher_haut/position/mitoyennete;vide_sanitaire;
logement/enveloppe/plancher_haut_collection/plancher_haut/donnee_entree/enum_type_adjacence_id;4;/enveloppe/plancher_haut/position/mitoyennete;local_non_residentiel;
logement/enveloppe/plancher_haut_collection/plancher_haut/donnee_entree/enum_type_adjacence_id;5;/enveloppe/plancher_haut/position/mitoyennete;enterre;
logement/enveloppe/plancher_haut_collection/plancher_haut/donnee_entree/enum_type_adjacence_id;6;/enveloppe/plancher_haut/position/mitoyennete;sous_sol_non_chauffe;
logement/enveloppe/plancher_haut_collection/plancher_haut/donnee_entree/enum_type_adjacence_id;7;/enveloppe/plancher_haut/position/mitoyennete;local_non_accessible;
logement/enveloppe/plancher_haut_collection/plancher_haut/donnee_entree/enum_type_adjacence_id;8;/enveloppe/plancher_haut/position/mitoyennete;local_non_chauffe;
logement/enveloppe/plancher_haut_collection/plancher_haut/donnee_entree/enum_type_adjacence_id;9;/enveloppe/plancher_haut/position/mitoyennete;local_non_chauffe;
logement/enveloppe/plancher_haut_collection/plancher_haut/donnee_entree/enum_type_adjacence_id;10;/enveloppe/plancher_haut/position/mitoyennete;local_non_chauffe;
logement/enveloppe/plancher_haut_collection/plancher_haut/donnee_entree/enum_type_adjacence_id;11;/enveloppe/plancher_haut/position/mitoyennete;local_non_chauffe;
logement/enveloppe/plancher_haut_collection/plancher_haut/donnee_entree/enum_type_adjacence_id;12;/enveloppe/plancher_haut/position/mitoyennete;local_non_chauffe;
logement/enveloppe/plancher_haut_collection/plancher_haut/donnee_entree/enum_type_adjacence_id;13;/enveloppe/plancher_haut/position/mitoyennete;local_non_chauffe;
logement/enveloppe/plancher_haut_collection/plancher_haut/donnee_entree/enum_type_adjacence_id;14;/enveloppe/plancher_haut/position/mitoyennete;local_non_chauffe;
logement/enveloppe/plancher_haut_collection/plancher_haut/donnee_entree/enum_type_adjacence_id;15;/enveloppe/plancher_haut/position/mitoyennete;local_non_chauffe;
logement/enveloppe/plancher_haut_collection/plancher_haut/donnee_entree/enum_type_adjacence_id;16;/enveloppe/plancher_haut/position/mitoyennete;local_non_chauffe;
logement/enveloppe/plancher_haut_collection/plancher_haut/donnee_entree/enum_type_adjacence_id;17;/enveloppe/plancher_haut/position/mitoyennete;local_non_chauffe;
logement/enveloppe/plancher_haut_collection/plancher_haut/donnee_entree/enum_type_adjacence_id;18;/enveloppe/plancher_haut/position/mitoyennete;local_non_chauffe;
logement/enveloppe/plancher_haut_collection/plancher_haut/donnee_entree/enum_type_adjacence_id;19;/enveloppe/plancher_haut/position/mitoyennete;local_non_chauffe;
logement/enveloppe/plancher_haut_collection/plancher_haut/donnee_entree/enum_type_adjacence_id;20;/enveloppe/plancher_haut/position/mitoyennete;local_non_residentiel;
logement/enveloppe/plancher_haut_collection/plancher_haut/donnee_entree/enum_type_adjacence_id;21;/enveloppe/plancher_haut/position/mitoyennete;local_non_chauffe;
logement/enveloppe/plancher_haut_collection/plancher_haut/donnee_entree/enum_type_adjacence_id;22;/enveloppe/plancher_haut/position/mitoyennete;local_residentiel;
logement/enveloppe/pont_thermique_collection/pont_thermique/donnee_entree/enum_type_liaison_id;1;/enveloppe/pont_thermique/liaison/type;plancher_bas_mur;
logement/enveloppe/pont_thermique_collection/pont_thermique/donnee_entree/enum_type_liaison_id;2;/enveloppe/pont_thermique/liaison/type;plancher_intermediaire_mur;
logement/enveloppe/pont_thermique_collection/pont_thermique/donnee_entree/enum_type_liaison_id;3;/enveloppe/pont_thermique/liaison/type;plancher_haut_mur;
logement/enveloppe/pont_thermique_collection/pont_thermique/donnee_entree/enum_type_liaison_id;4;/enveloppe/pont_thermique/liaison/type;refend_mur;
logement/enveloppe/pont_thermique_collection/pont_thermique/donnee_entree/enum_type_liaison_id;5;/enveloppe/pont_thermique/liaison/type;menuiserie_mur;
logement/enveloppe/porte_collection/porte/donnee_entree/enum_type_porte_id;1;/enveloppe/porte/isolation;non_isole;
logement/enveloppe/porte_collection/porte/donnee_entree/enum_type_porte_id;2;/enveloppe/porte/isolation;non_isole;
logement/enveloppe/porte_collection/porte/donnee_entree/enum_type_porte_id;3;/enveloppe/porte/isolation;non_isole;
logement/enveloppe/porte_collection/porte/donnee_entree/enum_type_porte_id;4;/enveloppe/porte/isolation;non_isole;
logement/enveloppe/porte_collection/porte/donnee_entree/enum_type_porte_id;5;/enveloppe/porte/isolation;non_isole;
logement/enveloppe/porte_collection/porte/donnee_entree/enum_type_porte_id;6;/enveloppe/porte/isolation;non_isole;
logement/enveloppe/porte_collection/porte/donnee_entree/enum_type_porte_id;7;/enveloppe/porte/isolation;non_isole;
logement/enveloppe/porte_collection/porte/donnee_entree/enum_type_porte_id;8;/enveloppe/porte/isolation;non_isole;
logement/enveloppe/porte_collection/porte/donnee_entree/enum_type_porte_id;9;/enveloppe/porte/isolation;non_isole;
logement/enveloppe/porte_collection/porte/donnee_entree/enum_type_porte_id;10;/enveloppe/porte/isolation;non_isole;
logement/enveloppe/porte_collection/porte/donnee_entree/enum_type_porte_id;11;/enveloppe/porte/isolation;non_isole;
logement/enveloppe/porte_collection/porte/donnee_entree/enum_type_porte_id;12;/enveloppe/porte/isolation;non_isole;
logement/enveloppe/porte_collection/porte/donnee_entree/enum_type_porte_id;13;/enveloppe/porte/isolation;isole;
logement/enveloppe/porte_collection/porte/donnee_entree/enum_type_porte_id;14;/enveloppe/porte/isolation;non_isole;
logement/enveloppe/porte_collection/porte/donnee_entree/enum_type_porte_id;15;/enveloppe/porte/isolation;isole;
logement/enveloppe/porte_collection/porte/donnee_entree/enum_type_porte_id;16;/enveloppe/porte/isolation;non_isole;
logement/enveloppe/porte_collection/porte/donnee_entree/enum_type_porte_id;1;/enveloppe/porte/materiau;bois;
logement/enveloppe/porte_collection/porte/donnee_entree/enum_type_porte_id;2;/enveloppe/porte/materiau;bois;
logement/enveloppe/porte_collection/porte/donnee_entree/enum_type_porte_id;3;/enveloppe/porte/materiau;bois;
logement/enveloppe/porte_collection/porte/donnee_entree/enum_type_porte_id;4;/enveloppe/porte/materiau;bois;
logement/enveloppe/porte_collection/porte/donnee_entree/enum_type_porte_id;5;/enveloppe/porte/materiau;pvc;
logement/enveloppe/porte_collection/porte/donnee_entree/enum_type_porte_id;6;/enveloppe/porte/materiau;pvc;
logement/enveloppe/porte_collection/porte/donnee_entree/enum_type_porte_id;7;/enveloppe/porte/materiau;pvc;
logement/enveloppe/porte_collection/porte/donnee_entree/enum_type_porte_id;8;/enveloppe/porte/materiau;pvc;
logement/enveloppe/porte_collection/porte/donnee_entree/enum_type_porte_id;9;/enveloppe/porte/materiau;metal;
logement/enveloppe/porte_collection/porte/donnee_entree/enum_type_porte_id;10;/enveloppe/porte/materiau;metal;
logement/enveloppe/porte_collection/porte/donnee_entree/enum_type_porte_id;11;/enveloppe/porte/materiau;metal;
logement/enveloppe/porte_collection/porte/donnee_entree/enum_type_porte_id;12;/enveloppe/porte/materiau;metal;
logement/enveloppe/porte_collection/porte/donnee_entree/enum_type_porte_id;13;/enveloppe/porte/materiau;;
logement/enveloppe/porte_collection/porte/donnee_entree/enum_type_porte_id;14;/enveloppe/porte/materiau;;
logement/enveloppe/porte_collection/porte/donnee_entree/enum_type_porte_id;15;/enveloppe/porte/materiau;;
logement/enveloppe/porte_collection/porte/donnee_entree/enum_type_porte_id;16;/enveloppe/porte/materiau;;
logement/enveloppe/porte_collection/porte/donnee_entree/enum_type_pose_id;1;/enveloppe/porte/materiau;nu_exterieur;
logement/enveloppe/porte_collection/porte/donnee_entree/enum_type_pose_id;2;/enveloppe/porte/position/type_pose;nu_interieur;
logement/enveloppe/porte_collection/porte/donnee_entree/enum_type_pose_id;3;/enveloppe/porte/position/type_pose;tunnel;
logement/enveloppe/porte_collection/porte/donnee_entree/enum_type_pose_id;4;/enveloppe/porte/position/type_pose;;
logement/enveloppe/porte_collection/porte/donnee_entree/enum_type_porte_id;1;/enveloppe/porte/vitrage/type;;
logement/enveloppe/porte_collection/porte/donnee_entree/enum_type_porte_id;2;/enveloppe/porte/vitrage/type;simple_vitrage;
logement/enveloppe/porte_collection/porte/donnee_entree/enum_type_porte_id;3;/enveloppe/porte/vitrage/type;simple_vitrage;
logement/enveloppe/porte_collection/porte/donnee_entree/enum_type_porte_id;4;/enveloppe/porte/vitrage/type;double_vitrage;
logement/enveloppe/porte_collection/porte/donnee_entree/enum_type_porte_id;5;/enveloppe/porte/vitrage/type;;
logement/enveloppe/porte_collection/porte/donnee_entree/enum_type_porte_id;6;/enveloppe/porte/vitrage/type;simple_vitrage;
logement/enveloppe/porte_collection/porte/donnee_entree/enum_type_porte_id;7;/enveloppe/porte/vitrage/type;simple_vitrage;
logement/enveloppe/porte_collection/porte/donnee_entree/enum_type_porte_id;8;/enveloppe/porte/vitrage/type;double_vitrage;
logement/enveloppe/porte_collection/porte/donnee_entree/enum_type_porte_id;9;/enveloppe/porte/vitrage/type;;
logement/enveloppe/porte_collection/porte/donnee_entree/enum_type_porte_id;10;/enveloppe/porte/vitrage/type;simple_vitrage;
logement/enveloppe/porte_collection/porte/donnee_entree/enum_type_porte_id;11;/enveloppe/porte/vitrage/type;simple_vitrage;
logement/enveloppe/porte_collection/porte/donnee_entree/enum_type_porte_id;12;/enveloppe/porte/vitrage/type;double_vitrage;
logement/enveloppe/porte_collection/porte/donnee_entree/enum_type_porte_id;13;/enveloppe/porte/vitrage/type;;
logement/enveloppe/porte_collection/porte/donnee_entree/enum_type_porte_id;14;/enveloppe/porte/vitrage/type;;
logement/enveloppe/porte_collection/porte/donnee_entree/enum_type_porte_id;15;/enveloppe/porte/vitrage/type;double_vitrage;
logement/enveloppe/porte_collection/porte/donnee_entree/enum_type_porte_id;16;/enveloppe/porte/vitrage/type;;
logement/enveloppe/porte_collection/porte/donnee_entree/enum_type_porte_id;1;/enveloppe/porte/vitrage/surface;0;
logement/enveloppe/porte_collection/porte/donnee_entree/enum_type_porte_id;2;/enveloppe/porte/vitrage/surface;0.15 * surface;
logement/enveloppe/porte_collection/porte/donnee_entree/enum_type_porte_id;3;/enveloppe/porte/vitrage/surface;0.45 * surface;
logement/enveloppe/porte_collection/porte/donnee_entree/enum_type_porte_id;4;/enveloppe/porte/vitrage/surface;0.3 * surface;
logement/enveloppe/porte_collection/porte/donnee_entree/enum_type_porte_id;5;/enveloppe/porte/vitrage/surface;0;
logement/enveloppe/porte_collection/porte/donnee_entree/enum_type_porte_id;6;/enveloppe/porte/vitrage/surface;0.15 * surface;
logement/enveloppe/porte_collection/porte/donnee_entree/enum_type_porte_id;7;/enveloppe/porte/vitrage/surface;0.45 * surface;
logement/enveloppe/porte_collection/porte/donnee_entree/enum_type_porte_id;8;/enveloppe/porte/vitrage/surface;0.3 * surface;
logement/enveloppe/porte_collection/porte/donnee_entree/enum_type_porte_id;9;/enveloppe/porte/vitrage/surface;0;
logement/enveloppe/porte_collection/porte/donnee_entree/enum_type_porte_id;10;/enveloppe/porte/vitrage/surface;0.3 * surface;
logement/enveloppe/porte_collection/porte/donnee_entree/enum_type_porte_id;11;/enveloppe/porte/vitrage/surface;0.15 * surface;
logement/enveloppe/porte_collection/porte/donnee_entree/enum_type_porte_id;12;/enveloppe/porte/vitrage/surface;0.45 * surface;
logement/enveloppe/porte_collection/porte/donnee_entree/enum_type_porte_id;13;/enveloppe/porte/vitrage/surface;0;
logement/enveloppe/porte_collection/porte/donnee_entree/enum_type_porte_id;14;/enveloppe/porte/vitrage/surface;0;
logement/enveloppe/porte_collection/porte/donnee_entree/enum_type_porte_id;1;/enveloppe/porte/position/presence_sas;false;
logement/enveloppe/porte_collection/porte/donnee_entree/enum_type_porte_id;2;/enveloppe/porte/position/presence_sas;false;
logement/enveloppe/porte_collection/porte/donnee_entree/enum_type_porte_id;3;/enveloppe/porte/position/presence_sas;false;
logement/enveloppe/porte_collection/porte/donnee_entree/enum_type_porte_id;4;/enveloppe/porte/position/presence_sas;false;
logement/enveloppe/porte_collection/porte/donnee_entree/enum_type_porte_id;5;/enveloppe/porte/position/presence_sas;false;
logement/enveloppe/porte_collection/porte/donnee_entree/enum_type_porte_id;6;/enveloppe/porte/position/presence_sas;false;
logement/enveloppe/porte_collection/porte/donnee_entree/enum_type_porte_id;7;/enveloppe/porte/position/presence_sas;false;
logement/enveloppe/porte_collection/porte/donnee_entree/enum_type_porte_id;8;/enveloppe/porte/position/presence_sas;false;
logement/enveloppe/porte_collection/porte/donnee_entree/enum_type_porte_id;9;/enveloppe/porte/position/presence_sas;false;
logement/enveloppe/porte_collection/porte/donnee_entree/enum_type_porte_id;10;/enveloppe/porte/position/presence_sas;false;
logement/enveloppe/porte_collection/porte/donnee_entree/enum_type_porte_id;11;/enveloppe/porte/position/presence_sas;false;
logement/enveloppe/porte_collection/porte/donnee_entree/enum_type_porte_id;12;/enveloppe/porte/position/presence_sas;false;
logement/enveloppe/porte_collection/porte/donnee_entree/enum_type_porte_id;13;/enveloppe/porte/position/presence_sas;false;
logement/enveloppe/porte_collection/porte/donnee_entree/enum_type_porte_id;14;/enveloppe/porte/position/presence_sas;false;
logement/enveloppe/porte_collection/porte/donnee_entree/enum_type_porte_id;14;/enveloppe/porte/position/presence_sas;true;
