domain;path;title;type;subschema;readonly
Diagnostic;/diagnostic;Diagnostic initial;object;;
Diagnostic;diagnostic/id;Identifiant;string;;true
Diagnostic;/diagnostic/date_visite;Date de visite du logement;string;;
Diagnostic;/diagnostic/date_etablissement;Date d'établissement;string;;
Diagnostic;/diagnostic/adresse;Adresse;object;/adresse;
Diagnostic;/diagnostic/batiment;Bâtiment;object;/batiment;
Diagnostic;/diagnostic/logements;Liste des logements visités;array;/logement;
Diagnostic;/diagnostic/enveloppe;Enveloppe;object;/enveloppe;
Diagnostic;/diagnostic/chauffage;Chauffage;object;/chauffage;
Diagnostic;/diagnostic/ecs;Eau chaude sanitaire;object;/ecs;
Diagnostic;/diagnostic/ventilation;Ventilation;object;/ventilation;
Diagnostic;/diagnostic/refroidissement;Refroidissement;object;/refroidissement;
Diagnostic;/diagnostic/production;Production;object;/production;
Diagnostic;/diagnostic/data;Données calculées;object;;
Diagnostic;/diagnostic/data/zone_climatique;Zone climatique;enum;;
Diagnostic;/diagnostic/data/effet_joule;Bâtiment chauffé par effet joule;boolean;;
Diagnostic;/diagnostic/data/parois_anciennes_lourdes;Bâtiment constitué de parois anciennes lourdes;boolean;;
Diagnostic;/diagnostic/data/surface_reference;Surface thermique de référence en m²;number;;
Diagnostic;/diagnostic/data/volume_reference;Volume thermique de référence en m³;number;;
Diagnostic;/diagnostic/data/bilan;Bilan;object;;
Diagnostic;/diagnostic/data/pertes;Pertes;object;/common/pertes;
Diagnostic;/diagnostic/data/consommations;Consommations;object;/common//consommations;
Diagnostic;/diagnostic/data/bilan/cef;Consommation d'énergie finale en kWh/m²/an;number;;
Diagnostic;/diagnostic/data/bilan/cep;Consommation d'énergie primaire en kWh/m²/an;number;;
Diagnostic;/diagnostic/data/bilan/eges;Émissions de gaz à effet de serre en kgCO2/m²/an;number;;
Diagnostic;/diagnostic/data/bilan/etiquette_energie;Etiquette énergie;enum;;
Diagnostic;/diagnostic/data/bilan/etiquette_climat;Etiquette climat;enum;;
Audit;/audit;Audit;object;;
Audit;/audit/id;Identifiant;string;;
Audit;/audit/diagnostic_id;Identifiant du diagnostic associé;string;;
Audit;/audit/date_visite;Date de visite du logement;string;;
Audit;/audit/date_etablissement;Date d'établissement;string;;
Audit;/audit/scenarios;Scénarios de travaux;array;/scenario;
Scénario;/scenario;Scénarios de travaux;object;;
Scénario;/scenario/id;Identifiant;string;;
Scénario;/scenario/categorie;Catégorie;enum;;
Scénario;/scenario/nom;Nom;string;;
Scénario;/scenario/description;Description;string;;
Scénario;/scenario/etapes;Étapes de travaux;array;;
Scénario;/scenario/enveloppe;Enveloppe;object;;
Scénario;/scenario/chauffage;Chauffage;object;;
Scénario;/scenario/ecs;Eau chaude sanitaire;object;;
Scénario;/scenario/ventilation;Ventilation;object;;
Scénario;/scenario/refroidissement;Refroidissement;object;;
Scénario;/scenario/production;Production;object;;
Scénario;/scenario/data;Données calculées;object;;
Scénario;/scenario/data/zone_climatique;Zone climatique;enum;;
Scénario;/scenario/data/effet_joule;Bâtiment chauffé par effet joule;boolean;;
Scénario;/scenario/data/parois_anciennes_lourdes;Bâtiment constitué de parois anciennes lourdes;boolean;;
Scénario;/scenario/data/surface_reference;Surface thermique de référence en m²;number;;
Scénario;/scenario/data/volume_reference;Volume thermique de référence en m³;number;;
Scénario;/scenario/data/bilan;Bilan;object;;
Scénario;/scenario/data/pertes;Pertes;object;;
Scénario;/scenario/data/consommations;Consommations;object;;
Scénario;/scenario/data/bilan/cef;Consommation d'énergie finale en kWh/m²/an;number;;
Scénario;/scenario/data/bilan/cep;Consommation d'énergie primaire en kWh/m²/an;number;;
Scénario;/scenario/data/bilan/eges;Émissions de gaz à effet de serre en kgCO2/m²/an;number;;
Scénario;/scenario/data/bilan/etiquette_energie;Etiquette énergie;enum;;
Scénario;/scenario/data/bilan/etiquette_climat;Etiquette climat;enum;;
Common;/common/consommations;Consommations d'énergie;array;;
Common;/common/consommations/energie;Energie;object;;
Common;/common/consommations/usage;Usage;object;;
Common;/common/consommations/cef;Consommation d'énergie finale en kWh/an;number;;
Common;/common/consommations/cep;Consommation d'énergie primaire en kWh/an;number;;
Common;/common/consommations/eges;Emissions de gaz à effet de serre en kgCO2/an;number;;
Common;/common/pertes;Pertes des systèmes;array;;
Common;/common/pertes/type;Type de perte;enum;;
Common;/common/pertes/pertes;Pertes en kWh/an;number;;
Common;/common/pertes/pertes_recuperables;Pertes récupérables en kWh/an;number;;
Adresse;/adresse;Adresse;object;;
Adresse;/adresse/ban_id;Identifiant depuis la Base Adresse Nationale (BAN);string;;
Adresse;/adresse/nom;Numéro éventuel et nom de voie ou lieu dit;string;;
Adresse;/adresse/code_postal;Code postal de la commune;string;;
Adresse;/adresse/code_insee;Code INSEE de la commune;string;;
Adresse;/adresse/commune;Nom officiel de la commune;string;;
Bâtiment;/batiment;Bâtiment;object;;
Bâtiment;/batiment/rnb_id;Identifiant du bâtiment depuis le RNB;string;;
Bâtiment;/batiment/type;Type de bâtiment;enum;;
Bâtiment;/batiment/annee_construction;Année de construction;integer;;
Bâtiment;/batiment/altitude;Altitude du bâtiment en mètres;number;;
Bâtiment;/batiment/logements;Nombre de logements;integer;;
Bâtiment;/batiment/surface_habitable;Surface habitable en m²;number;;
Bâtiment;/batiment/hauteur_sous_plafond;Hauteur moyenne sous plafond en m;number;;
Bâtiment;/batiment/materiaux_anciens;Bâtiment majoritairement composé de matériaux anciens;boolean;;
Logement;/logement;Logement;object;;
Logement;/logement/id;Identifiant;string;;
Logement;/logement/description;Description;string;;
Logement;/logement/surface_habitable;Surface habitable;number;;
Logement;/logement/hauteur_sous_plafond;Hauteur sous plafond moyenne en m;number;;
Logement;/logement/position;Position du logement;enum;;
Logement;/logement/typologie;Typologie du logement;enum;;
Enveloppe;/enveloppe;Enveloppe;object;;
Enveloppe;/enveloppe/exposition;Exposition;enum;;
Enveloppe;/enveloppe/q4pa_conv;Perméabilité à l'air de l'enveloppe;number;;
Enveloppe;/enveloppe/presence_brasseurs_air;Présence de brasseurs d'air;boolean;;
Enveloppe;/enveloppe/niveaux;Liste des niveaux;array;/enveloppe/niveau;
Enveloppe;/enveloppe/locaux_non_chauffes;Liste des locaux non chauffés;array;/enveloppe/local_non_chauffe;
Enveloppe;/enveloppe/murs;Liste des murs;array;/enveloppe/mur;
Enveloppe;/enveloppe/planchers_bas;Liste des planchers bas;array;/enveloppe/plancher_bas;
Enveloppe;/enveloppe/planchers_hauts;Liste des planchers hauts;array;/enveloppe/plancher_haut;
Enveloppe;/enveloppe/baies;Liste des baies;array;/enveloppe/baie;
Enveloppe;/enveloppe/portes;Liste des portes;array;/enveloppe/porte;
Enveloppe;/enveloppe/ponts_thermiques;Liste des ponts thermiques;array;/enveloppe/pont_thermique;
Enveloppe;/enveloppe/doubles_fenetres;Liste des doubles fenêtres;array;/enveloppe/double_fenetre;
Enveloppe;/enveloppe/masques;Liste des masques;array;/enveloppe/masque;
Enveloppe;/enveloppe/niveau;Niveau;object;;
Enveloppe;/enveloppe/niveau/id;Identifiant;string;;
Enveloppe;/enveloppe/niveau/description;Description;string;;
Enveloppe;/enveloppe/niveau/surface;Surface en m²;number;;
Enveloppe;/enveloppe/niveau/inertie_paroi_verticale;Inertie des parois verticales;enum;;
Enveloppe;/enveloppe/niveau/inertie_plancher_bas;Inertie des planchers bas;enum;;
Enveloppe;/enveloppe/niveau/inertie_plancher_haut;Inertie des planchers hauts;enum;;
Enveloppe;/enveloppe/niveau/data;Données calculées;object;;
Enveloppe;/enveloppe/niveau/data/inertie;Inertie;enum;;
Enveloppe;/enveloppe/local_non_chauffe;Local non chauffé;object;;
Enveloppe;/enveloppe/local_non_chauffe/id;Identifiant;string;;
Enveloppe;/enveloppe/local_non_chauffe/description;Description;string;;
Enveloppe;/enveloppe/local_non_chauffe/type;Type;enum;;
Enveloppe;/enveloppe/local_non_chauffe/parois;Liste des parois;array;/enveloppe/local_non_chauffe/paroi;
Enveloppe;/enveloppe/local_non_chauffe/baies;Liste des baies;array;/enveloppe/local_non_chauffe/baie;
Enveloppe;/enveloppe/local_non_chauffe/data;Données calculées;object;;
Enveloppe;/enveloppe/local_non_chauffe/data/b;Coefficient de réduction des déperditions thermiques;number;;
Enveloppe;/enveloppe/local_non_chauffe/data/uvue;Coefficient surfacique équivalent exprimé en W/(m2.K);number;;
Enveloppe;/enveloppe/local_non_chauffe/data/aue;Somme des surfaces des parois donannt sur l'extérieur;number;;
Enveloppe;/enveloppe/local_non_chauffe/data/aiu;Somme des surfaces des parois donnant sur des espaces chauffés;number;;
Enveloppe;/enveloppe/local_non_chauffe/data/isolation_aue;Etat d'isolation majoritaire des parois du local non chauffé donnant sur l'extérieur;boolean;;
Enveloppe;/enveloppe/local_non_chauffe/data/isolation_aiu;Etat d'isolation majoritaire des parois du local non chauffé donnant sur l'espace chauffé;boolean;;
Enveloppe;/enveloppe/local_non_chauffe/data/sse;Surface sud équivalente;number;;
Enveloppe;/enveloppe/local_non_chauffe/paroi;Paroi;object;;
Enveloppe;/enveloppe/local_non_chauffe/paroi/id;Identifiant;string;;
Enveloppe;/enveloppe/local_non_chauffe/paroi/description;Description;string;;
Enveloppe;/enveloppe/local_non_chauffe/paroi/isolation;État d'isolation de la paroi;enum;;
Enveloppe;/enveloppe/local_non_chauffe/paroi/position;Position;object;;
Enveloppe;/enveloppe/local_non_chauffe/paroi/position/mitoyennete;Mitoyenneté;enum;;
Enveloppe;/enveloppe/local_non_chauffe/paroi/position/surface;Surface opaque en m²;number;;
Enveloppe;/enveloppe/local_non_chauffe/baie;Baie;object;;
Enveloppe;/enveloppe/local_non_chauffe/baie/id;Identifiant;string;;
Enveloppe;/enveloppe/local_non_chauffe/baie/description;Description;string;;
Enveloppe;/enveloppe/local_non_chauffe/baie/materiau;Matériau;enum;;
Enveloppe;/enveloppe/local_non_chauffe/baie/type_vitrage;Type de vitrage;enum;;
Enveloppe;/enveloppe/local_non_chauffe/baie/presence_rupteur_pont_thermique;Présence d'un rupteur de pont thermique;boolean;;
Enveloppe;/enveloppe/local_non_chauffe/baie/position;Position de la baie;object;;
Enveloppe;/enveloppe/local_non_chauffe/baie/position/surface;Surface totale en m²;number;;
Enveloppe;/enveloppe/local_non_chauffe/baie/position/mitoyennete;Mitoyenneté;enum;;
Enveloppe;/enveloppe/local_non_chauffe/baie/position/orientation;Orientation par rapport au nord en °;number;;
Enveloppe;/enveloppe/local_non_chauffe/baie/position/inclinaison;Inclinaison par rapport à l'horizontal en °;number;;
Enveloppe;/enveloppe/masque;Masque;object;;
Enveloppe;/enveloppe/masque/id;Identifiant;string;;
Enveloppe;/enveloppe/masque/description;Description;string;;
Enveloppe;/enveloppe/masque/type;Type de masque;enum;;
Enveloppe;/enveloppe/masque/configuration;Configuration du masque;enum;;
Enveloppe;/enveloppe/masque/orientation;Orientation de la façade;enum;;
Enveloppe;/enveloppe/masque/hauteur;Hauteur du masque en angle;number;;
Enveloppe;/enveloppe/masque/profondeur;Profondeur du masque en m;number;;
Enveloppe;/enveloppe/masque/secteur;Secteur;enum;;
Enveloppe;/enveloppe/masque/data;Données calculées;object;;
Enveloppe;/enveloppe/masque/data/fe1;Facteur d'ensoleillement du masque proche;number;;
Enveloppe;/enveloppe/masque/data/fe2;Facteur d'ensoleillement du masque lointain homogène;number;;
Enveloppe;/enveloppe/masque/data/omb;Facteur d'ensoleillement du masque lointain non homogène;number;;
Enveloppe;/enveloppe/baie;Baie;object;;
Enveloppe;/enveloppe/baie/id;Identifiant;string;;
Enveloppe;/enveloppe/baie/description;Description;string;;
Enveloppe;/enveloppe/baie/type;Type;enum;;
Enveloppe;/enveloppe/baie/presence_protection_solaire;Présence de protection solaire;boolean;;
Enveloppe;/enveloppe/baie/type_fermeture;Type de fermeture;enum;;
Enveloppe;/enveloppe/baie/annee_installation;Année d'installation;integer;;
Enveloppe;/enveloppe/baie/ug;Coefficient de transmission thermique du vitrage connu et justifié en W/m²K;number;;
Enveloppe;/enveloppe/baie/uw;Coefficient de transmission thermique de la baie connu et justifié en W/m²K;number;;
Enveloppe;/enveloppe/baie/ujn;Coefficient de transmission thermique de la baie avec fermeture connu et justifié en W/m²K;number;;
Enveloppe;/enveloppe/baie/sw;Proportion d'énergie solaire transmise par la baie en %;number;;
Enveloppe;/enveloppe/baie/position;Position;object;;
Enveloppe;/enveloppe/baie/menuiserie;Menuiserie;object;;
Enveloppe;/enveloppe/baie/vitrage;Vitrage;object;;
Enveloppe;/enveloppe/baie/survitrage;Survitrage;object;;
Enveloppe;/enveloppe/baie/masques;Liste des masques;array;;
Enveloppe;/enveloppe/baie/data;Données calculées;object;;
Enveloppe;/enveloppe/baie/data/b;Coefficient de réduction des déperditions thermiques;number;;
Enveloppe;/enveloppe/baie/data/sdep;Surface déperditive en m²;number;;
Enveloppe;/enveloppe/baie/data/dp;Déperditions thermiques en W/K;number;;
Enveloppe;/enveloppe/baie/data/performance;Performance;enum;;
Enveloppe;/enveloppe/baie/data/ug;Coefficient de transmission thermique du vitrage en W/m²K;number;;
Enveloppe;/enveloppe/baie/data/uw;Coefficient de transmission thermique de la baie en W/m²K;number;;
Enveloppe;/enveloppe/baie/data/deltar;Résistance thermique additionnelle due aux fermetures exprimée en m².K/W;number;;
Enveloppe;/enveloppe/baie/data/fe;Facteur d'ensoleillement de la baie;number;;
Enveloppe;/enveloppe/baie/data/sw;Proportion d'énergie solaire transmise par la baie;number;;
Enveloppe;/enveloppe/baie/data/sse;Surface sud équivalente de la baie en m²;number;;
Enveloppe;/enveloppe/double_fenetre;Double fenêtre;object;;
Enveloppe;/enveloppe/double_fenetre/id;Identifiant;string;;
Enveloppe;/enveloppe/double_fenetre/description;Description;string;;
Enveloppe;/enveloppe/double_fenetre/type;Type;enum;;
Enveloppe;/enveloppe/double_fenetre/ug;Coefficient de transmission thermique du vitrage connu et justifié en W/m²K;number;;
Enveloppe;/enveloppe/double_fenetre/uw;Coefficient de transmission thermique de la baie connu et justifié en W/m²K;number;;
Enveloppe;/enveloppe/double_fenetre/sw;Proportion d'énergie solaire transmise par la baie en %;number;;
Enveloppe;/enveloppe/double_fenetre/position;Position;object;;
Enveloppe;/enveloppe/double_fenetre/menuiserie;Menuiserie;object;;
Enveloppe;/enveloppe/double_fenetre/vitrage;Vitrage;object;;
Enveloppe;/enveloppe/double_fenetre/survitrage;Survitrage;object;;
Enveloppe;/enveloppe/double_fenetre/data;Données calculées;object;;
Enveloppe;/enveloppe/double_fenetre/data/ug;Coefficient de transmission thermique du vitrage en W/m²K;number;;
Enveloppe;/enveloppe/double_fenetre/data/uw;Coefficient de transmission thermique de la baie en W/m²K;number;;
Enveloppe;/enveloppe/double_fenetre/data/sw;Proportion d'énergie solaire transmise par la baie;number;;
Enveloppe;/enveloppe/mur;Mur;object;;
Enveloppe;/enveloppe/mur/id;Identifiant;string;;
Enveloppe;/enveloppe/mur/description;Description;string;;
Enveloppe;/enveloppe/mur/type_structure;Type de mur;enum;;
Enveloppe;/enveloppe/mur/epaisseur_structure;Epaisseur du mur non isolé en mm;number;;
Enveloppe;/enveloppe/mur/type_doublage;Type de doublage;enum;;
Enveloppe;/enveloppe/mur/presence_enduit_isolant;Présence d'un enduit isolant;boolean;;
Enveloppe;/enveloppe/mur/paroi_ancienne;Mur constitué de matériaux anciens;boolean;;
Enveloppe;/enveloppe/mur/inertie;Inertie;object;;
Enveloppe;/enveloppe/mur/annee_construction;Année de construction;integer;;
Enveloppe;/enveloppe/mur/annee_renovation;Année de dernière rénovation connue et justifiée;integer;;
Enveloppe;/enveloppe/mur/u0;Coefficient de transmission thermique connu et justifié du mur non isolé en W/m²K;number;;
Enveloppe;/enveloppe/mur/u;Coefficient de transmission thermique connu et justifié en W/m²K;number;;
Enveloppe;/enveloppe/mur/position;Position;object;;
Enveloppe;/enveloppe/mur/isolation;Isolation;object;;
Enveloppe;/enveloppe/mur/data;Données calculées;object;;
Enveloppe;/enveloppe/mur/position/surface;Surface déperditive exprimée en m²;number;;
Enveloppe;/enveloppe/mur/position/mitoyennete;Mitoyenneté;object;;
Enveloppe;/enveloppe/mur/position/orientation;Orientation en degré par rapport au nord;number;;
Enveloppe;/enveloppe/mur/position/local_non_chauffe_id;Identifiant du local non chauffé associé;string;;
Enveloppe;/enveloppe/mur/data/u0;Coefficient de transmission thermique du mur non isolé en W/(m².K);number;;
Enveloppe;/enveloppe/mur/data/b;Coefficient de réduction des déperditions thermiques;number;;
Enveloppe;/enveloppe/mur/data/sdep;Surface déperditive en m²;number;;
Enveloppe;/enveloppe/mur/data/dp;Déperditions thermiques en W/K;number;;
Enveloppe;/enveloppe/mur/data/performance;Performance;enum;;
Enveloppe;/enveloppe/plancher_bas;Plancher bas;object;;
Enveloppe;/enveloppe/plancher_bas/id;Identifiant;string;;
Enveloppe;/enveloppe/plancher_bas/description;Description;string;;
Enveloppe;/enveloppe/plancher_bas/type_structure;Type de plancher bas;enum;;
Enveloppe;/enveloppe/plancher_bas/inertie;Inertie;object;;
Enveloppe;/enveloppe/plancher_bas/annee_construction;Année de construction;integer;;
Enveloppe;/enveloppe/plancher_bas/annee_renovation;Année de dernière rénovation connue et justifiée;integer;;
Enveloppe;/enveloppe/plancher_bas/u0;Coefficient de transmission thermique connu et justifié du plancher bas non isolé en W/m²K;number;;
Enveloppe;/enveloppe/plancher_bas/u;Coefficient de transmission thermique connu et justifié en W/m²K;number;;
Enveloppe;/enveloppe/plancher_bas/position;Position;object;;
Enveloppe;/enveloppe/plancher_bas/isolation;Isolation;object;;
Enveloppe;/enveloppe/plancher_bas/data;Données calculées;object;;
Enveloppe;/enveloppe/plancher_bas/position/surface;Surface déperditive exprimée en m²;number;;
Enveloppe;/enveloppe/plancher_bas/position/mitoyennete;Mitoyenneté;enum;;
Enveloppe;/enveloppe/plancher_bas/position/local_non_chauffe_id;Identifiant du local non chauffé associé;string;;
Enveloppe;/enveloppe/plancher_bas/position/surface_ue;Surface retenue pour le calcul de ue en m²;number;;
Enveloppe;/enveloppe/plancher_bas/position/perimetre_ue;Périmètre retenue pour le calcul de ue en m;number;;
Enveloppe;/enveloppe/plancher_bas/data/u0;Coefficient de transmission thermique du plancher bas non isolé en W/(m².K);number;;
Enveloppe;/enveloppe/plancher_bas/data/u;Coefficient de transmission thermique en W/(m².K);number;;
Enveloppe;/enveloppe/plancher_bas/data/b;Coefficient de réduction des déperditions thermiques;number;;
Enveloppe;/enveloppe/plancher_bas/data/sdep;Surface déperditive en m²;number;;
Enveloppe;/enveloppe/plancher_bas/data/dp;Déperditions thermiques en W/K;number;;
Enveloppe;/enveloppe/plancher_bas/data/performance;Performance;enum;;
Enveloppe;/enveloppe/plancher_haut;Plancher haut;object;;
Enveloppe;/enveloppe/plancher_haut/id;Identifiant;string;;
Enveloppe;/enveloppe/plancher_haut/description;Description;string;;
Enveloppe;/enveloppe/plancher_haut/configuration;Configuration;enum;;
Enveloppe;/enveloppe/plancher_haut/type_structure;Type de plancher haut;enum;;
Enveloppe;/enveloppe/plancher_haut/inertie;Inertie;object;;
Enveloppe;/enveloppe/plancher_haut/annee_construction;Année de construction;integer;;
Enveloppe;/enveloppe/plancher_haut/annee_renovation;Année de dernière rénovation connue et justifiée;integer;;
Enveloppe;/enveloppe/plancher_haut/u0;Coefficient de transmission thermique connu et justifié du plancher haut non isolé en W/m²K;number;;
Enveloppe;/enveloppe/plancher_haut/u;Coefficient de transmission thermique connu et justifié en W/m²K;number;;
Enveloppe;/enveloppe/plancher_haut/position;Position;object;;
Enveloppe;/enveloppe/plancher_haut/isolation;Isolation;object;;
Enveloppe;/enveloppe/plancher_haut/data;Données calculées;object;;
Enveloppe;/enveloppe/plancher_haut/position/surface;Surface déperditive exprimée en m²;number;;
Enveloppe;/enveloppe/plancher_haut/position/mitoyennete;Mitoyenneté;object;;
Enveloppe;/enveloppe/plancher_haut/position/orientation;Orientation en degré par rapport au nord;number;;
Enveloppe;/enveloppe/plancher_haut/position/local_non_chauffe_id;Identifiant du local non chauffé associé;string;;
Enveloppe;/enveloppe/plancher_haut/data/u0;Coefficient de transmission thermique du plancher haut non isolé en W/(m².K);number;;
Enveloppe;/enveloppe/plancher_haut/data/u;Coefficient de transmission thermique en W/(m².K);number;;
Enveloppe;/enveloppe/plancher_haut/data/b;Coefficient de réduction des déperditions thermiques;number;;
Enveloppe;/enveloppe/plancher_haut/data/sdep;Surface déperditive en m²;number;;
Enveloppe;/enveloppe/plancher_haut/data/dp;Déperditions thermiques en W/K;number;;
Enveloppe;/enveloppe/plancher_haut/data/performance;Performance;enum;;
Enveloppe;/enveloppe/porte;Porte;object;;
Enveloppe;/enveloppe/porte/id;Identifiant;string;;
Enveloppe;/enveloppe/porte/description;Description;string;;
Enveloppe;/enveloppe/porte/isolation;État d'isolation de la porte;enum;;
Enveloppe;/enveloppe/porte/materiau;Matériau de la porte;enum;;
Enveloppe;/enveloppe/porte/annee_installation;Année d'installation;integer;;
Enveloppe;/enveloppe/porte/u;Coefficient de transmission thermique connu et justifié en W/m²K;number;;
Enveloppe;/enveloppe/porte/position;Position de la porte;object;;
Enveloppe;/enveloppe/porte/menuiserie;Menuiserie;object;;
Enveloppe;/enveloppe/porte/vitrage;Vitrage;object;;
Enveloppe;/enveloppe/porte/data;Données calculées;object;;
Enveloppe;/enveloppe/porte/position/paroi_id;Identifiant de la paroi associée à la porte;string;;
Enveloppe;/enveloppe/porte/position/local_non_chauffe_id;Identifiant du local non chauffé associé à la porte;string;;
Enveloppe;/enveloppe/porte/position/surface;Surface déperditive exprimée en m²;number;;
Enveloppe;/enveloppe/porte/position/mitoyennete;Mitoyenneté;object;;
Enveloppe;/enveloppe/porte/position/orientation;Orientation de la porte en degré par rapport au nord;number;;
Enveloppe;/enveloppe/porte/position/presence_sas;Présence d'un sas devant la porte;boolean;;
Enveloppe;/enveloppe/porte/position/type_pose;Type de pose;enum;;
Enveloppe;/enveloppe/porte/menuiserie/largeur_dormant;Largeur dormant en mm;number;;
Enveloppe;/enveloppe/porte/menuiserie/presence_joint;Présence de joint d'étanchéité;boolean;;
Enveloppe;/enveloppe/porte/menuiserie/presence_retour_isolation;Présence d'un retour d'isolation;boolean;;
Enveloppe;/enveloppe/porte/vitrage/surface;Surface de vitrage en m²;number;;
Enveloppe;/enveloppe/porte/vitrage/type;Type de vitrage;enum;;
Enveloppe;/enveloppe/pont_thermique;Pont thermique;object;;
Enveloppe;/enveloppe/pont_thermique/id;Identifiant;string;;
Enveloppe;/enveloppe/pont_thermique/description;Description;string;;
Enveloppe;/enveloppe/pont_thermique/longueur;Longueur du pont thermique en m;number;;
Enveloppe;/enveloppe/pont_thermique/kpt;Valeur du pont thermique connue et justifiée;number;;
Enveloppe;/enveloppe/pont_thermique/liaison;Liaison;object;;
Enveloppe;/enveloppe/pont_thermique/data;Données calculées;object;;
Enveloppe;/enveloppe/pont_thermique/liaison/type;Type de liaison;enum;;
Enveloppe;/enveloppe/pont_thermique/liaison/pont_thermique_partiel;Pont thermique partiel;boolean;;
Enveloppe;/enveloppe/pont_thermique/liaison/mur_id;Identifiant du mur associé au pont thermique au format UUID;string;;
Enveloppe;/enveloppe/pont_thermique/liaison/plancher_id;Identifiant du Plancher haut ou du Plancher bas associé au pont thermique;string;;
Enveloppe;/enveloppe/pont_thermique/liaison/ouverture_id;Identifiant de la Baie ou de la Porte associée au pont thermique;string;;
Enveloppe;/enveloppe/pont_thermique/data/k;Valeur du pont thermique;number;;
Enveloppe;/enveloppe/pont_thermique/data/pt;Déperditions thermiques en W/K;number;;
Chauffage;/chauffage;Chauffage;object;;
Chauffage;/chauffage/generateurs;Liste des générateurs de chauffage;array;/chauffage/generateur;
Chauffage;/chauffage/emetteurs;Liste des émetteurs de chauffage;array;/chauffage/emetteur;
Chauffage;/chauffage/installations;Liste des installations de chauffage;array;/chauffage/installation;
Chauffage;/chauffage/systemes;Liste des systèmes de chauffage;array;/chauffage/systeme;
Chauffage;/chauffage/data;Données calculées;object;;
Chauffage;/chauffage/data/bch;Besoin de chauffage en kWh/an;number;;
Chauffage;/chauffage/data/pertes;Pertes;object;/common/pertes;
Chauffage;/chauffage/data/consommations;Consommations;object;/common//consommations;
Chauffage;/chauffage/emetteur;Emetteur de chauffage;object;;
Chauffage;/chauffage/emetteur/id;Identifiant;string;;
Chauffage;/chauffage/emetteur/description;Description;string;;
Chauffage;/chauffage/emetteur/type;Type d'émetteur de chauffage;enum;;
Chauffage;/chauffage/emetteur/temperature_distribution;Température de distribution de l'émetteur de chaleur;enum;;
Chauffage;/chauffage/emetteur/presence_robinet_thermostatique;Présence d'un robinet thermostatique;boolean;;
Chauffage;/chauffage/emetteur/annee_installation;Année d'installation de l'émetteur de chaleur;integer;;
Chauffage;/chauffage/generateur;Générateur de chauffage;object;;
Chauffage;/chauffage/generateur/id;Identifiant;string;;
Chauffage;/chauffage/generateur/description;Description;string;;
Chauffage;/chauffage/generateur/type;Type de générateur;enum;;
Chauffage;/chauffage/generateur/energie;Energie;enum;;
Chauffage;/chauffage/generateur/bienergie;Energie secondaire;enum;;
Chauffage;/chauffage/generateur/annee_installation;Année d'installation;integer;;
Chauffage;/chauffage/generateur/position;Position;object;;
Chauffage;/chauffage/generateur/signaletique;Fiche signalétique;object;;
Chauffage;/chauffage/generateur/data;Données calculées;object;;
Chauffage;/chauffage/generateur/position/position_chaudiere;Position de la chaudière;enum;;
Chauffage;/chauffage/generateur/position/generateur_collectif;Générateur collectif d'eau chaude sanitaire;boolean;;
Chauffage;/chauffage/generateur/position/generateur_multi_batiment;Générateur multi bâtiment;boolean;;
Chauffage;/chauffage/generateur/position/position_volume_chauffe;Position du générateur à l'intérieur du volume chauffé;boolean;;
Chauffage;/chauffage/generateur/position/cascade;Identifiant de la cascade;integer;;
Chauffage;/chauffage/generateur/position/priorite_cascade;Ordre de priorité du générateur en cascade;integer;;
Chauffage;/chauffage/generateur/position/generateur_mixte_id;Identifiant du générateur mixte;string;;
Chauffage;/chauffage/generateur/position/reseau_chaleur_id;Identifiant du réseau de chaleur;string;;
Chauffage;/chauffage/generateur/signaletique/pn;Puissance nominale en kW;number;;
Chauffage;/chauffage/generateur/signaletique/label;Label du générateur;enum;;
Chauffage;/chauffage/generateur/signaletique/scop;Coefficient de performance énergétique saisonnier;number;;
Chauffage;/chauffage/generateur/signaletique/mode_combustion;Mode de combustion;enum;;
Chauffage;/chauffage/generateur/signaletique/presence_ventouse;Présence d'une ventouse;boolean;;
Chauffage;/chauffage/generateur/signaletique/presence_regulation_combustion;Présence d'une régulation de combustion;boolean;;
Chauffage;/chauffage/generateur/signaletique/pveilleuse;Puissance de la veilleuse en W;number;;
Chauffage;/chauffage/generateur/signaletique/qp0;Pertes à l'arrêt en W;number;;
Chauffage;/chauffage/generateur/signaletique/rpn;Rendement à puissance nominale sur PCI en %;number;;
Chauffage;/chauffage/generateur/signaletique/rpint;Rendement à puissance intermédiaire sur PCI en %;number;;
Chauffage;/chauffage/generateur/signaletique/tfonc30;Température de fonctionnement à 30% de la puissance nominale en °C;number;;
Chauffage;/chauffage/generateur/signaletique/tfonc100;Température de fonctionnement à 100% de la puissance nominale en °C;number;;
Chauffage;/chauffage/generateur/data/rdim;Ratio de dimensionnement;number;;
Chauffage;/chauffage/generateur/data/cef_ch;Consommation finale de chauffage en kWh/an;number;;
Chauffage;/chauffage/generateur/data/cep_ch;Consommation primaire de chauffage en kWh/an;number;;
Chauffage;/chauffage/generateur/data/eges_ch;Emissions de gaz à effet de serre de chauffage en kgCO2/an;number;;
Chauffage;/chauffage/generateur/data/pn;Puissance nominale en kW;number;;
Chauffage;/chauffage/generateur/data/pdim;Puissance de dimensionnement en kW;number;;
Chauffage;/chauffage/generateur/data/pch;Puissance de dimensionnement de chauffage en kW;number;;
Chauffage;/chauffage/generateur/data/scop;Coefficient de performance énergétique saisonnier;number;;
Chauffage;/chauffage/generateur/data/rpn;Rendement à pleine charge exprimée en %PCI;number;;
Chauffage;/chauffage/generateur/data/rpint;Rendement à charge intermédiaire exprimée en %PCI;number;;
Chauffage;/chauffage/generateur/data/qp0;Pertes à l'arrêt en W;number;;
Chauffage;/chauffage/generateur/data/pveilleuse;Puissance de la veilleuse en W;number;;
Chauffage;/chauffage/generateur/data/tfonc30;Température de fonctionnement à 30% de la puissance nominale en °C;number;;
Chauffage;/chauffage/generateur/data/tfonc100;Température de fonctionnement à 100% de la puissance nominale en °C;number;;
Chauffage;/chauffage/generateur/data/pertes;Pertes;object;/common/pertes;
Chauffage;/chauffage/installation;Installation de chauffage;object;;
Chauffage;/chauffage/installation/id;Identifiant;string;;
Chauffage;/chauffage/installation/description;Description;string;;
Chauffage;/chauffage/installation/surface;Surface couverte par l'installation de chauffage en m²;number;;
Chauffage;/chauffage/installation/comptage_individuel;Comptage individuel;boolean;;
Chauffage;/chauffage/installation/solaire_thermique;Solaire thermique;object;;
Chauffage;/chauffage/installation/regulation_centrale;Régulation centrale;object;;
Chauffage;/chauffage/installation/regulation_terminale;Régulation terminale;object;;
Chauffage;/chauffage/installation/data;Données calculées;object;;
Chauffage;/chauffage/installation/solaire_thermique/usage;Usages couverts par le solaire thermique;enum;;
Chauffage;/chauffage/installation/solaire_thermique/annee_installation;Année d'installation;integer;;
Chauffage;/chauffage/installation/solaire_thermique/fch;Facteur de couverture solaire connu et justifié en %;number;;
Chauffage;/chauffage/installation/regulation_centrale/presence_regulation;Présence d'une régulation;boolean;;
Chauffage;/chauffage/installation/regulation_centrale/minimum_temperature;Régulation avec minimum de température;boolean;;
Chauffage;/chauffage/installation/regulation_centrale/detection_presence;Détection de présence;boolean;;
Chauffage;/chauffage/installation/regulation_terminale/presence_regulation;Présence d'une régulation;boolean;;
Chauffage;/chauffage/installation/regulation_terminale/minimum_temperature;Régulation avec minimum de température;boolean;;
Chauffage;/chauffage/installation/regulation_terminale/detection_presence;Détection de présence;boolean;;
Chauffage;/chauffage/installation/data/rdim;Ratio de dimensionnement;number;;
Chauffage;/chauffage/installation/data/fch;Facteur de couverture solaire;number;;
Chauffage;/chauffage/installation/data/int;Facteur d'intermittence;number;;
Chauffage;/chauffage/installation/data/i0;Coefficient d'intermittence;number;;
Chauffage;/chauffage/installation/data/ich;Inverse du rendement du système;number;;
Chauffage;/chauffage/installation/data/rd;Rendement de distribution;number;;
Chauffage;/chauffage/installation/data/re;Rendement d'émission;number;;
Chauffage;/chauffage/installation/data/rg;Rendement de génération;number;;
Chauffage;/chauffage/installation/data/rr;Rendement de régulation;number;;
Chauffage;/chauffage/installation/data/pertes;Pertes;object;/common/pertes;
Chauffage;/chauffage/installation/data/consommations;Consommations;object;/common//consommations;
Chauffage;/chauffage/systeme;Système de chauffage;object;;
Chauffage;/chauffage/systeme/id;Identifiant;string;;
Chauffage;/chauffage/systeme/description;Description;string;;
Chauffage;/chauffage/systeme/installation_id;Identifiant de l'installation de chauffage associée;string;;
Chauffage;/chauffage/systeme/generateur_id;Identifiant du générateur de chauffage associé;string;;
Chauffage;/chauffage/systeme/type;Type de système;enum;;
Chauffage;/chauffage/systeme/reseau;Réseau de distribution;object;;
Chauffage;/chauffage/systeme/emetteurs;Liste des émetteurs associés au système de chauffage;array;;
Chauffage;/chauffage/systeme/data;Données calculées;object;;
Chauffage;/chauffage/systeme/reseau/type_distribution;Type de distribution;enum;;
Chauffage;/chauffage/systeme/reseau/presence_circulateur_externe;Présence d'un circulateur externe;boolean;;
Chauffage;/chauffage/systeme/reseau/niveaux_desservis;Nombre de niveaux desservis par le réseau;integer;;
Chauffage;/chauffage/systeme/reseau/isolation;Isolation du réseau;enum;;
Chauffage;/chauffage/systeme/data/rdim;Ratio de dimensionnement;number;;
Chauffage;/chauffage/systeme/data/int;Facteur d'intermittence;number;;
Chauffage;/chauffage/systeme/data/i0;Coefficient d'intermittence;number;;
Chauffage;/chauffage/systeme/data/ich;Inverse du rendement du système;number;;
Chauffage;/chauffage/systeme/data/rd;Rendement de distribution;number;;
Chauffage;/chauffage/systeme/data/re;Rendement d'émission;number;;
Chauffage;/chauffage/systeme/data/rg;Rendement de génération;number;;
Chauffage;/chauffage/systeme/data/rr;Rendement de régulation;number;;
Chauffage;/chauffage/systeme/data/cef_ch;Consommation finale de chauffage en kWh/an;number;;
Chauffage;/chauffage/systeme/data/cep_ch;Consommation primaire de chauffage en kWh/an;number;;
Chauffage;/chauffage/systeme/data/eges_ch;Emissions de gaz à effet de serre de chauffage en kgCO2/an;number;;
Chauffage;/chauffage/systeme/data/cef_aux;Consommation finale des auxiliaires en kWh/an;number;;
Chauffage;/chauffage/systeme/data/cep_aux;Consommation primaire des auxiliaires en kWh/an;number;;
Chauffage;/chauffage/systeme/data/eges_aux;Emissions de gaz à effet de serre des auxiliaires en kgCO2/an;number;;
Chauffage;/chauffage/systeme/data/pertes;Pertes;object;;
Chauffage;/chauffage/systeme/data/pertes/pertes_generation;Pertes de génération en kWh/an;number;;
Chauffage;/chauffage/systeme/data/pertes/pertes_generation_recuperables;Pertes de génération récupérables en kWh/an;number;;
ECS;/ecs;Eau chaude sanitaire;object;;
ECS;/ecs/generateurs;Liste des générateurs d'ECS;array;/ecs/generateur;
ECS;/ecs/installations;Liste des installations d'ECS;array;/ecs/installation;
ECS;/ecs/systemes;Liste des systèmes d'ECS;array;/ecs/systeme;
ECS;/ecs/data;Données calculées;object;;
ECS;/ecs/data/nadeq;Nombre d'adultes équivalents;number;;
ECS;/ecs/data/nmax;Coefficient d'occupation maximal;number;;
ECS;/ecs/data/becs;Besoin d'eau chaude sanitaire en kWh/an;number;;
ECS;/ecs/data/pertes;Pertes;object;;
ECS;/ecs/data/consommations;Consommations;object;/common//consommations;
ECS;/ecs/generateur;Générateur d'ECS;object;;
ECS;/ecs/generateur/id;Identifiant;string;;
ECS;/ecs/generateur/description;Description;string;;
ECS;/ecs/generateur/type;Type de générateur d'eau chaude sanitaire;enum;;
ECS;/ecs/generateur/energie;Energie;enum;;
ECS;/ecs/generateur/annee_installation;Année d'installation connue et justifiée;integer;;
ECS;/ecs/generateur/position;Position;object;;
ECS;/ecs/generateur/signaletique;Fiche signalétique;object;;
ECS;/ecs/generateur/data;Données calculées;object;;
ECS;/ecs/generateur/position/position_chauffe_eau;Position du chauffe-eau;enum;;
ECS;/ecs/generateur/position/generateur_collectif;Générateur collectif d'eau chaude sanitaire;boolean;;
ECS;/ecs/generateur/position/generateur_multi_batiment;Générateur multi bâtiment;boolean;;
ECS;/ecs/generateur/position/position_volume_chauffe;Position du générateur à l'intérieur du volume chauffé;boolean;;
ECS;/ecs/generateur/position/generateur_mixte_id;Identifiant du générateur mixte;string;;
ECS;/ecs/generateur/position/reseau_chaleur_id;Identifiant du réseau de chaleur;string;;
ECS;/ecs/generateur/signaletique/volume_stockage;Volume de stockage en litres;number;;
ECS;/ecs/generateur/signaletique/pn;Puissance nominale en kW;number;;
ECS;/ecs/generateur/signaletique/label;Label;enum;;
ECS;/ecs/generateur/signaletique/cop;Coefficient de performance énergétique;number;;
ECS;/ecs/generateur/signaletique/mode_combustion;Mode de combustion;enum;;
ECS;/ecs/generateur/signaletique/presence_ventouse;Présence d'une ventouse;boolean;;
ECS;/ecs/generateur/signaletique/pveilleuse;Puissance de la veilleuse en W;number;;
ECS;/ecs/generateur/signaletique/qp0;Pertes à l'arrêt en W;number;;
ECS;/ecs/generateur/signaletique/rpn;Rendement à puissance nominale sur PCI en %;number;;
ECS;/ecs/generateur/data/rdim;Ratio de dimensionnement;number;;
ECS;/ecs/generateur/data/cef_ecs;Consommation finale d'eau chaude sanitaire en kWh/an;number;;
ECS;/ecs/generateur/data/cep_ecs;Consommation primaire d'eau chaude sanitaire en kWh/an;number;;
ECS;/ecs/generateur/data/eges_ecs;Emissions de gaz à effet de serre d'eau chaude sanitaire en kgCO2/an;number;;
ECS;/ecs/generateur/data/pn;Puissance nominale en kW;number;;
ECS;/ecs/generateur/data/pdim;Puissance de dimensionnement en kW;number;;
ECS;/ecs/generateur/data/paux;Puissance des auxiliaires en kW;number;;
ECS;/ecs/generateur/data/pecs;Puissance de dimensionnement du besoin d'eau chaude sanitaire en kW;number;;
ECS;/ecs/generateur/data/cop;Coefficient de performance énergétique;number;;
ECS;/ecs/generateur/data/rpn;Rendement à pleine charge exprimée en %PCI;number;;
ECS;/ecs/generateur/data/qp0;Pertes à l'arrêt en W;number;;
ECS;/ecs/generateur/data/pveilleuse;Puissance de la veilleuse en W;number;;
ECS;/ecs/installation;Installation d'ECS;object;;
ECS;/ecs/installation/id;Identifiant;string;;
ECS;/ecs/installation/description;Description;string;;
ECS;/ecs/installation/surface;Surface couverte par l'installation en m²;number;;
ECS;/ecs/installation/solaire_thermique;Solaire thermique;object;;
ECS;/ecs/installation/data;Données calculées;object;;
ECS;/ecs/installation/solaire_thermique/usage;Usages couverts par le solaire thermique;enum;;
ECS;/ecs/installation/solaire_thermique/annee_installation;Année d'installation;integer;;
ECS;/ecs/installation/solaire_thermique/fecs;Facteur de couverture solaire connue et justifié;number;;
ECS;/ecs/installation/data/rdim;Ratio de dimensionnement;number;;
ECS;/ecs/installation/data/fecs;Facteur de couverture solaire;number;;
ECS;/ecs/installation/data/iecs;Inverse du rendement de l'installation;number;;
ECS;/ecs/installation/data/rd;Rendement de distribution;number;;
ECS;/ecs/installation/data/rs;Rendement de stockage;number;;
ECS;/ecs/installation/data/rg;Rendement de génération;number;;
ECS;/ecs/installation/data/rgs;Rendement de génération et de stockage;number;;
ECS;/ecs/installation/data/pertes;Pertes;object;;
ECS;/ecs/installation/data/consommations;Consommations;object;/common//consommations;
ECS;/ecs/systeme;Système d'ECS;object;;
ECS;/ecs/systeme/id;Identifiant;string;;
ECS;/ecs/systeme/description;Description;string;;
ECS;/ecs/systeme/generateur_id;Identifiant du générateur d'eau chaude sanitaire associé au système;string;;
ECS;/ecs/systeme/installation_id;Identifiant de l'installation d'eau chaude sanitaire associée au système;string;;
ECS;/ecs/systeme/reseau;Réseau de distribution d'eau chaude sanitaire;object;;
ECS;/ecs/systeme/stockage;Stockage indépendant;object;;
ECS;/ecs/systeme/data;Données calculées;object;;
ECS;/ecs/systeme/reseau/alimentation_contigue;Alimentation contigüe;boolean;;
ECS;/ecs/systeme/reseau/niveaux_desservis;Nombre de niveaux desservis;integer;;
ECS;/ecs/systeme/reseau/isolation;Isolation du réseau;string (enum);;
ECS;/ecs/systeme/reseau/bouclage;Type de bouclage;string (enum);;
ECS;/ecs/systeme/stockage/volume;Volume de stockage en l;number;;
ECS;/ecs/systeme/stockage/position_volume_chauffe;Position à l'intérieur volume chauffé;boolean;;
ECS;/ecs/systeme/data/rdim;Ratio de dimensionnement;number;;
ECS;/ecs/systeme/data/iecs;Inverse du rendement du système;number;;
ECS;/ecs/systeme/data/rd;Rendement de distribution;number;;
ECS;/ecs/systeme/data/rs;Rendement de stockage;number;;
ECS;/ecs/systeme/data/rg;Rendement de génération;number;;
ECS;/ecs/systeme/data/rgs;Rendement de génération et de stockage;number;;
ECS;/ecs/systeme/data/cef_ecs;Consommation finale d'eau chaude sanitaire en kWh/an;number;;
ECS;/ecs/systeme/data/cep_ecs;Consommation primaire d'eau chaude sanitaire en kWh/an;number;;
ECS;/ecs/systeme/data/eges_ecs;Emissions de gaz à effet de serre d'eau chaude sanitaire en kgCO2/an;number;;
ECS;/ecs/systeme/data/cef_aux;Consommation finale des auxiliaires en kWh/an;number;;
ECS;/ecs/systeme/data/cep_aux;Consommation primaire des auxiliaires en kWh/an;number;;
ECS;/ecs/systeme/data/eges_aux;Emissions de gaz à effet de serre des auxiliaires en kgCO2/an;number;;
ECS;/ecs/systeme/data/pertes;Pertes;object;;
ECS;/ecs/systeme/data/pertes/pertes_generation;Pertes de génération en kWh/an;number;;
ECS;/ecs/systeme/data/pertes/pertes_generation_recuperables;Pertes de génération récupérables en kWh/an;number;;
ECS;/ecs/systeme/data/pertes/pertes_stockage_integre;Pertes de stockage intégré en kWh/an;number;;
ECS;/ecs/systeme/data/pertes/pertes_stockage_integre_recuperables;Pertes de stockage intégré récupérables en kWh/an;number;;
ECS;/ecs/systeme/data/pertes/pertes_stockage_independant;Pertes de stockage indépendant en kWh/an;number;;
ECS;/ecs/systeme/data/pertes/pertes_stockage_independant_recuperables;Pertes de stockage indépendant récupérables en kWh/an;number;;
ECS;/ecs/systeme/data/pertes/pertes_distribution;Pertes de distribution en kWh/an;number;;
ECS;/ecs/systeme/data/pertes/pertes_distribution_recuperables;Pertes de distribution récupérables en kWh/an;number;;
Ventilation;/ventilation;Ventilation;object;;
Ventilation;/ventilation/generateurs;Liste des générateurs de ventilation;array;/ventilation/generateur;
Ventilation;/ventilation/installations;Liste des installations de ventilation;array;/ventilation/installation;
Ventilation;/ventilation/generateur;Générateur de ventilation;object;;
Ventilation;/ventilation/generateur/id;Identifiant;string;;
Ventilation;/ventilation/generateur/description;Description;string;;
Ventilation;/ventilation/generateur/type;Type de générateur;enum;;
Ventilation;/ventilation/generateur/type_vmc;Type de Ventilation Mécanique Contrôlée;enum;;
Ventilation;/ventilation/generateur/generateur_collectif;Générateur collectif de ventilation;boolean;;
Ventilation;/ventilation/generateur/presence_echangeur_thermique;Présence d'un échangeur thermique;boolean;;
Ventilation;/ventilation/generateur/annee_installation;Année d'installation du générateur de ventilation;integer;;
Ventilation;/ventilation/generateur/data;Données calculées;object;;
Ventilation;/ventilation/generateur/data/rdim;Ratio de dimensionnement du générateur;number;;
Ventilation;/ventilation/generateur/data/ratio_utilisation;Ratio d'utilisation du mode mécanique du générateur;number;;
Ventilation;/ventilation/generateur/data/pvent_moy;Puissance moyenne des auxiliaires en W;number;;
Ventilation;/ventilation/generateur/data/cef_aux;Consommation d'énergie finale en kWh/an;number;;
Ventilation;/ventilation/generateur/data/cep_aux;Consommation d'énergie primaire en kWh/an;number;;
Ventilation;/ventilation/generateur/data/eges_aux;Emissions de gaz à effet de serre en kgCO2/an;number;;
Ventilation;/ventilation/installation;Installation de ventilation;object;;
Ventilation;/ventilation/installation/id;Identifiant;string;;
Ventilation;/ventilation/installation/description;Description;string;;
Ventilation;/ventilation/installation/surface;Surface couverte par l'installation en m²;number;;
Ventilation;/ventilation/installation/type;Type de ventilation;enum;;
Ventilation;/ventilation/installation/generateur_id;Identifiant du générateur de ventilation associé au système;string;;
Ventilation;/ventilation/installation/data;Données calculées;object;;
Ventilation;/ventilation/installation/data/rdim;Ratio de dimensionnement de l'installation;number;;
Ventilation;/ventilation/installation/data/qvarep_conv;Débit volumique conventionnel à reprendre en m3/(h.m²);number;;
Ventilation;/ventilation/installation/data/qvasouf_conv;Débit volumique conventionnel à souffler en m3/(h.m²);number;;
Ventilation;/ventilation/installation/data/smea_conv;Somme des modules d'entrée d'air sous 20 Pa par unité de surface habitable en m3/(h.m²);number;;
Ventilation;/ventilation/installation/data/consommations;Consommations;object;/common//consommations;
Refroidissement;/refroidissement;Refroidissement;object;;
Refroidissement;/refroidissement/generateurs;Liste des générateurs de refroidissement;array;/refroidissement/generateur;
Refroidissement;/refroidissement/installations;Liste des installations de refroidissement;array;/refroidissement/installation;
Refroidissement;/refroidissement/systemes;Liste des systèmes de refroidissement;array;/refroidissement/systeme;
Refroidissement;/refroidissement/generateur;Générateur de refroidissement;object;;
Refroidissement;/refroidissement/generateur/id;Identifiant;string;;
Refroidissement;/refroidissement/generateur/description;Description;string;;
Refroidissement;/refroidissement/generateur/type;Type de générateur;enum;;
Refroidissement;/refroidissement/generateur/energie;Énergie utilisée par le générateur;enum;;
Refroidissement;/refroidissement/generateur/annee_installation;Année d'installation connue et justifiée;integer;;
Refroidissement;/refroidissement/generateur/seer;Coefficient d'efficience énergétique saisonnier connu et justifié;number;;
Refroidissement;/refroidissement/generateur/reseau_froid_id;Identifiant unique du réseau de froid;string;;
Refroidissement;/refroidissement/generateur/data;Données calculées;object;;
Refroidissement;/refroidissement/generateur/data/eer;Coefficient d'efficacité énergétique;number;;
Refroidissement;/refroidissement/generateur/data/rdim;Ratio de dimensionnement;number;;
Refroidissement;/refroidissement/generateur/data/cef_fr;Consommation finale en kWh/an;number;;
Refroidissement;/refroidissement/generateur/data/cep_fr;Consommation primaire en kWh/an;number;;
Refroidissement;/refroidissement/generateur/data/eges_fr;Emissions de gaz à effet de serre en kgCO2/an;number;;
Refroidissement;/refroidissement/installation;Installation de refroidissement;object;;
Refroidissement;/refroidissement/installation/id;Identifiant;string;;
Refroidissement;/refroidissement/installation/description;Description;string;;
Refroidissement;/refroidissement/installation/surface;Surface couverte par l'installation en m²;number;;
Refroidissement;/refroidissement/installation/data;Données calculées;object;;
Refroidissement;/refroidissement/installation/data/rdim;Ratio de dimensionnement;number;;
Refroidissement;/refroidissement/installation/data/consommations;Consommations;object;/common//consommations;
Refroidissement;/refroidissement/systeme;Système de refroidissement;object;;
Refroidissement;/refroidissement/systeme/id;Identifiant;string;;
Refroidissement;/refroidissement/systeme/description;Description;string;;
Refroidissement;/refroidissement/systeme/installation_id;Identifiant de l'installation associée;string;;
Refroidissement;/refroidissement/systeme/generateur_id;Identifiant du générateur associé;string;;
Refroidissement;/refroidissement/systeme/data;Données calculées;object;;
Refroidissement;/refroidissement/systeme/data/rdim;Ratio de dimensionnement;number;;
Refroidissement;/refroidissement/systeme/data/cef_fr;Consommation finale en kWh/an;number;;
Refroidissement;/refroidissement/systeme/data/cep_fr;Consommation primaire en kWh/an;number;;
Refroidissement;/refroidissement/systeme/data/eges_fr;Emissions de gaz à effet de serre en kgCO2/an;number;;
Refroidissement;/refroidissement/systeme/data/cef_aux;Consommation d'énergie finale des auxiliaires en kWh/an;number;;
Refroidissement;/refroidissement/systeme/data/cep_aux;Consommation d'énergie primaire des auxiliaires en kWh/an;number;;
Refroidissement;/refroidissement/systeme/data/eges_aux;Emissions de gaz à effet de serre des auxiliaires en kgCO2/an;number;;
Production;/production;Production d'énergie;object;;
Production;/production/panneaux_photovoltaiques;Liste des panneaux photovoltaïques;array;/production/panneau_photovoltaique;
Production;/production/data;Données calculées;object;;
Production;/production/data/ppv;Production photovoltaïque en kWh/an;number;;
Production;/production/panneau_photovoltaique;Panneau photovoltaïque;object;;
Production;/production/panneau_photovoltaique/id;Identifiant;string;;
Production;/production/panneau_photovoltaique/description;Description;string;;
Production;/production/panneau_photovoltaique/orientation;Orientation;number;;
Production;/production/panneau_photovoltaique/inclinaison;Inclinaison;number;;
Production;/production/panneau_photovoltaique/modules;Nombre de modules;integer;;
Production;/production/panneau_photovoltaique/surface;Surface totale des capteurs en m²;number;;
Production;/production/panneau_photovoltaique/installation_collective;Installation photovoltaïque collective;boolean;;
Production;/production/panneau_photovoltaique/data;Données calculées;object;;
Production;/production/panneau_photovoltaique/data/kpv;Coefficient de pondération prenant en compte l'altération par rapport à l'orientation optimale;number;;
Production;/production/panneau_photovoltaique/data/ppv;Production photovoltaïque en kWh/an;number;;
